Workbook

Sheet TRN-LoadFactor-computation
A1: LOAD FACTOR COMPUTATION
A3: 1. Data to be applied
A4: Country | B4: GCAM_region_name | C4: Abreviation | D4: Vehicle occupancy rate | E4: 2015 | F4: 2020 | G4: 2025 | H4: 2030 | I4: 2035 | J4: 2040 | K4: 2045 | L4: 2050
A5: Austria | B5: EU-15 | C5: AT | D5: Average number of people per vehicle | E5: 1.54 | F5: 1.58 | G5: 1.68 | H5: 1.77 | I5: 1.87 | J5: 1.91 | K5: 1.93 | L5: 1.95
A6: Belgium | B6: EU-15 | C6: BE | D6: Average number of people per vehicle | E6: 1.16 | F6: 1.25 | G6: 1.4 | H6: 1.72 | I6: 1.82 | J6: 1.9 | K6: 1.95 | L6: 2
A7: Bulgaria | B7: EU-12 | C7: BG | D7: Average number of people per vehicle | E7: 1.54 | F7: 1.58 | G7: 1.68 | H7: 1.77 | I7: 1.87 | J7: 1.91 | K7: 1.93 | L7: 1.95
A8: Switzerland | C8: CH | D8: Average number of people per vehicle | E8: 1.54 | F8: 1.58 | G8: 1.68 | H8: 1.77 | I8: 1.87 | J8: 1.91 | K8: 1.93 | L8: 1.95
A9: Cyprus | B9: EU-12 | C9: CY | D9: Average number of people per vehicle | E9: 1.54 | F9: 1.58 | G9: 1.68 | H9: 1.77 | I9: 1.87 | J9: 1.91 | K9: 1.93 | L9: 1.95
A10: Czech Republic | B10: EU-12 | C10: CZ | D10: Average number of people per vehicle | E10: 1.54 | F10: 1.58 | G10: 1.68 | H10: 1.77 | I10: 1.87 | J10: 1.91 | K10: 1.93 | L10: 1.95
A11: Germany | B11: EU-15 | C11: DE | D11: Average number of people per vehicle | E11: 1.5 | F11: 1.58 | G11: 1.69 | H11: 1.8 | I11: 1.88 | J11: 1.91 | K11: 1.93 | L11: 1.95
A12: Denmark | B12: EU-15 | C12: DK | D12: Average number of people per vehicle | E12: 1.49 | F12: 1.5 | G12: 1.5 | H12: 1.5 | I12: 1.58 | J12: 1.65 | K12: 1.72 | L12: 1.8
A13: Estonia | B13: EU-12 | C13: EE | D13: Average number of people per vehicle | E13: 1.54 | F13: 1.58 | G13: 1.68 | H13: 1.77 | I13: 1.87 | J13: 1.91 | K13: 1.93 | L13: 1.95
A14: Greece | B14: EU-15 | C14: EL | D14: Average number of people per vehicle | E14: 2.1 | F14: 2.1 | G14: 2.1 | H14: 2.1 | I14: 2.1 | J14: 2.1 | K14: 2.1 | L14: 2.1
A15: Spain | B15: EU-15 | C15: ES | D15: Average number of people per vehicle | E15: 1.45 | F15: 1.45 | G15: 1.61 | H15: 1.72 | I15: 1.83 | J15: 1.88 | K15: 1.9 | L15: 1.9
A16: Finland | B16: EU-15 | C16: FI | D16: Average number of people per vehicle | E16: 1.54 | F16: 1.58 | G16: 1.68 | H16: 1.77 | I16: 1.87 | J16: 1.91 | K16: 1.93 | L16: 1.95
A17: France | B17: EU-15 | C17: FR | D17: Average number of people per vehicle | E17: 1.58 | F17: 1.69 | G17: 1.83 | H17: 1.94 | I17: 2.01 | J17: 2.08 | K17: 2.04 | L17: 2.03
A18: Croatia | B18: EU-12 | C18: HR | D18: Average number of people per vehicle | E18: 1.54 | F18: 1.58 | G18: 1.68 | H18: 1.77 | I18: 1.87 | J18: 1.91 | K18: 1.93 | L18: 1.95
A19: Hungary | B19: EU-12 | C19: HU | D19: Average number of people per vehicle | E19: 1.54 | F19: 1.58 | G19: 1.68 | H19: 1.77 | I19: 1.87 | J19: 1.91 | K19: 1.93 | L19: 1.95
A20: Ireland | B20: EU-15 | C20: IE | D20: Average number of people per vehicle | E20: 1.54 | F20: 1.58 | G20: 1.68 | H20: 1.77 | I20: 1.87 | J20: 1.91 | K20: 1.93 | L20: 1.95
... A26: Netherlands | B26: EU-15 | C26: NL | D26: Average number of people per vehicle | E26: 1.54 | F26: 1.58 | G26: 1.68 | H26: 1.77 | I26: 1.87 | J26: 1.91 | K26: 1.93 | L26: 1.95
A27: Norway | C27: NO | D27: Average number of people per vehicle | E27: 1.54 | F27: 1.58 | G27: 1.68 | H27: 1.77 | I27: 1.87 | J27: 1.91 | K27: 1.93 | L27: 1.95
A28: Poland | B28: EU-12 | C28: PL | D28: Average number of people per vehicle | E28: 1.54 | F28: 1.58 | G28: 1.68 | H28: 1.77 | I28: 1.87 | J28: 1.91 | K28: 1.93 | L28: 1.95
A29: Portugal | B29: EU-15 | C29: PT | D29: Average number of people per vehicle | E29: 1.54 | F29: 1.58 | G29: 1.68 | H29: 1.77 | I29: 1.87 | J29: 1.91 | K29: 1.93 | L29: 1.95
A30: Romania | B30: EU-12 | C30: RO | D30: Average number of people per vehicle | E30: 1.54 | F30: 1.58 | G30: 1.68 | H30: 1.77 | I30: 1.87 | J30: 1.91 | K30: 1.93 | L30: 1.95
A31: Sweden | B31: EU-15 | C31: SE | D31: Average number of people per vehicle | E31: 1.39 | F31: 1.41 | G31: 1.56 | H31: 1.75 | I31: 1.85 | J31: 1.9 | K31: 1.9 | L31: 1.9
A32: Slovenia | B32: EU-12 | C32: SI | D32: Average number of people per vehicle | E32: 1.54 | F32: 1.58 | G32: 1.68 | H32: 1.77 | I32: 1.87 | J32: 1.91 | K32: 1.93 | L32: 1.95
A33: Slovakia | B33: EU-12 | C33: SK | D33: Average number of people per vehicle | E33: 1.54 | F33: 1.58 | G33: 1.68 | H33: 1.77 | I33: 1.87 | J33: 1.91 | K33: 1.93 | L33: 1.95
A34: United Kingdom | C34: UK | D34: Average number of people per vehicle | E34: 1.54 | F34: 1.58 | G34: 1.68 | H34: 1.77 | I34: 1.87 | J34: 1.91 | K34: 1.93 | L34: 1.95
A37: 2. Average values by GCAM region
A38: GCAM_region_name | E38: 2015 | F38: 2020 | G38: 2025 | H38: 2030 | I38: 2035 | J38: 2040 | K38: 2045 | L38: 2050
A39: EU-12 | E39: =SUMIF($B$5:$B$34, $A$39, E5:E34)/ COUNTIF($B$5:$B$34, $A$39) -> 1.5484615 | F39: =SUMIF($B$5:$B$34, $A$39, F5:F34)/ COUNTIF($B$5:$B$34, $A$39) -> 1.5853846 | G39: =SUMIF($B$5:$B$34, $A$39, G5:G34)/ COUNTIF($B$5:$B$34, $A$39) -> 1.6823077 | H39: =SUMIF($B$5:$B$34, $A$39, H5:H34)/ COUNTIF($B$5:$B$34, $A$39) -> 1.7723077 | I39: =SUMIF($B$5:$B$34, $A$39, I5:I34)/ COUNTIF($B$5:$B$34, $A$39) -> 1.8692308 | J39: =SUMIF($B$5:$B$34, $A$39, J5:J34)/ COUNTIF($B$5:$B$34, $A$39) -> 1.9084615 | K39: =SUMIF($B$5:$B$34, $A$39, K5:K34)/ COUNTIF($B$5:$B$34, $A$39) -> 1.9276923 | L39: =SUMIF($B$5:$B$34, $A$39, L5:L34)/ COUNTIF($B$5:$B$34, $A$39) -> 1.9461538
A40: EU-15 | E40: =SUMIF($B$5:$B$34, $A$40, E6:E35)/COUNTIF($B$5:$B$34, $A$40) -> 1.5135714 | F40: =SUMIF($B$5:$B$34, $A$40, F6:F35)/COUNTIF($B$5:$B$34, $A$40) -> 1.5542857 | G40: =SUMIF($B$5:$B$34, $A$40, G6:G35)/COUNTIF($B$5:$B$34, $A$40) -> 1.655 | H40: =SUMIF($B$5:$B$34, $A$40, H6:H35)/COUNTIF($B$5:$B$34, $A$40) -> 1.7578571 | I40: =SUMIF($B$5:$B$34, $A$40, I6:I35)/COUNTIF($B$5:$B$34, $A$40) -> 1.8521429 | J40: =SUMIF($B$5:$B$34, $A$40, J6:J35)/COUNTIF($B$5:$B$34, $A$40) -> 1.8992857 | K40: =SUMIF($B$5:$B$34, $A$40, K6:K35)/COUNTIF($B$5:$B$34, $A$40) -> 1.92 | L40: =SUMIF($B$5:$B$34, $A$40, L6:L35)/COUNTIF($B$5:$B$34, $A$40) -> 1.9414286
A43: 3. Load factor change by period
A44: GCAM_region_name | E44: 2015 | F44: 2020 | G44: 2025 | H44: 2030 | I44: 2035 | J44: 2040 | K44: 2045 | L44: 2050
A45: EU-12 | E45: 1 | F45: =100*(F39-E39)/E39 -> 2.3845007 | G45: =100*(G39-F39)/F39 -> 6.1135371 | H45: =100*(H39-G39)/G39 -> 5.3497942 | I45: =100*(I39-H39)/H39 -> 5.46875 | J45: =100*(J39-I39)/I39 -> 2.0987654 | K45: =100*(K39-J39)/J39 -> 1.0076582 | L45: =100*(L39-K39)/K39 -> 0.95770152
A46: EU-15 | E46: 1 | F46: =100*(F40-E40)/E40 -> 2.6899481 | G46: =100*(G40-F40)/F40 -> 6.4797794 | H46: =100*(H40-G40)/G40 -> 6.2149331 | I46: =100*(I40-H40)/H40 -> 5.3636733 | J46: =100*(J40-I40)/I40 -> 2.5453143 | K46: =100*(K40-J40)/J40 -> 1.0906356 | L46: =100*(L40-K40)/K40 -> 1.1160714
A49: 4. Reshape
A50: region | B50: year | C50: changeRate | D50: NOTE: changeRate for H scenario; halft of the changeRate for low scen
A51: {=INDEX($A$45:$A$46, INT((ROW()-ROW($A$50))/8)+1)} -> EU-12 | B51: {=INDEX($E$44:L$44, MOD(ROW()-ROW($B$50), 8)+1)} -> 2020 | C51: {=INDEX($E$45:$L$46, INT((ROW()-ROW($C$50))/8)+1, MOD(ROW()-ROW($C$50), 8)+1)} -> 2.3845007
A52: {=INDEX($A$45:$A$46, INT((ROW()-ROW($A$50))/8)+1)} -> EU-12 | B52: {=INDEX($E$44:L$44, MOD(ROW()-ROW($B$50), 8)+1)} -> 2025 | C52: {=INDEX($E$45:$L$46, INT((ROW()-ROW($C$50))/8)+1, MOD(ROW()-ROW($C$50), 8)+1)} -> 6.1135371
A53: {=INDEX($A$45:$A$46, INT((ROW()-ROW($A$50))/8)+1)} -> EU-12 | B53: {=INDEX($E$44:L$44, MOD(ROW()-ROW($B$50), 8)+1)} -> 2030 | C53: {=INDEX($E$45:$L$46, INT((ROW()-ROW($C$50))/8)+1, MOD(ROW()-ROW($C$50), 8)+1)} -> 5.3497942
A54: {=INDEX($A$45:$A$46, INT((ROW()-ROW($A$50))/8)+1)} -> EU-12 | B54: {=INDEX($E$44:L$44, MOD(ROW()-ROW($B$50), 8)+1)} -> 2035 | C54: {=INDEX($E$45:$L$46, INT((ROW()-ROW($C$50))/8)+1, MOD(ROW()-ROW($C$50), 8)+1)} -> 5.46875
A55: {=INDEX($A$45:$A$46, INT((ROW()-ROW($A$50))/8)+1)} -> EU-12 | B55: {=INDEX($E$44:L$44, MOD(ROW()-ROW($B$50), 8)+1)} -> 2040 | C55: {=INDEX($E$45:$L$46, INT((ROW()-ROW($C$50))/8)+1, MOD(ROW()-ROW($C$50), 8)+1)} -> 2.0987654
A56: {=INDEX($A$45:$A$46, INT((ROW()-ROW($A$50))/8)+1)} -> EU-12 | B56: {=INDEX($E$44:L$44, MOD(ROW()-ROW($B$50), 8)+1)} -> 2045 | C56: {=INDEX($E$45:$L$46, INT((ROW()-ROW($C$50))/8)+1, MOD(ROW()-ROW($C$50), 8)+1)} -> 1.0076582
A57: {=INDEX($A$45:$A$46, INT((ROW()-ROW($A$50))/8)+1)} -> EU-12 | B57: {=INDEX($E$44:L$44, MOD(ROW()-ROW($B$50), 8)+1)} -> 2050 | C57: {=INDEX($E$45:$L$46, INT((ROW()-ROW($C$50))/8)+1, MOD(ROW()-ROW($C$50), 8)+1)} -> 0.95770152
A58: {=INDEX($A$45:$A$46, INT((ROW()-ROW($A$50))/8)+1)} -> EU-15 | B58: {=INDEX($E$44:L$44, MOD(ROW()-ROW($B$50), 8)+1)} -> 2015 | C58: {=INDEX($E$45:$L$46, INT((ROW()-ROW($C$50))/8)+1, MOD(ROW()-ROW($C$50), 8)+1)} -> 1
A59: {=INDEX($A$45:$A$46, INT((ROW()-ROW($A$50))/8)+1)} -> EU-15 | B59: {=INDEX($E$44:L$44, MOD(ROW()-ROW($B$50), 8)+1)} -> 2020 | C59: {=INDEX($E$45:$L$46, INT((ROW()-ROW($C$50))/8)+1, MOD(ROW()-ROW($C$50), 8)+1)} -> 2.6899481
A60: {=INDEX($A$45:$A$46, INT((ROW()-ROW($A$50))/8)+1)} -> EU-15 | B60: {=INDEX($E$44:L$44, MOD(ROW()-ROW($B$50), 8)+1)} -> 2025 | C60: {=INDEX($E$45:$L$46, INT((ROW()-ROW($C$50))/8)+1, MOD(ROW()-ROW($C$50), 8)+1)} -> 6.4797794
A61: {=INDEX($A$45:$A$46, INT((ROW()-ROW($A$50))/8)+1)} -> EU-15 | B61: {=INDEX($E$44:L$44, MOD(ROW()-ROW($B$50), 8)+1)} -> 2030 | C61: {=INDEX($E$45:$L$46, INT((ROW()-ROW($C$50))/8)+1, MOD(ROW()-ROW($C$50), 8)+1)} -> 6.2149331
A62: {=INDEX($A$45:$A$46, INT((ROW()-ROW($A$50))/8)+1)} -> EU-15 | B62: {=INDEX($E$44:L$44, MOD(ROW()-ROW($B$50), 8)+1)} -> 2035 | C62: {=INDEX($E$45:$L$46, INT((ROW()-ROW($C$50))/8)+1, MOD(ROW()-ROW($C$50), 8)+1)} -> 5.3636733
... A65: {=INDEX($A$45:$A$46, INT((ROW()-ROW($A$50))/8)+1)} -> EU-15 | B65: {=INDEX($E$44:L$44, MOD(ROW()-ROW($B$50), 8)+1)} -> 2050 | C65: {=INDEX($E$45:$L$46, INT((ROW()-ROW($C$50))/8)+1, MOD(ROW()-ROW($C$50), 8)+1)} -> 1.1160714

Sheet TRN-LoadFactor-values
A1: {='TRN-LoadFactor-computation'!A50:C65} -> region | B1: year | C1: changeRate
A2: EU-12 | B2: 2020 | C2: 2.3845007
A3: EU-12 | B3: 2025 | C3: 6.1135371
A4: EU-12 | B4: 2030 | C4: 5.3497942
A5: EU-12 | B5: 2035 | C5: 5.46875
A6: EU-12 | B6: 2040 | C6: 2.0987654
A7: EU-12 | B7: 2045 | C7: 1.0076582
A8: EU-12 | B8: 2050 | C8: 0.95770152
A9: EU-15 | B9: 2015 | C9: 1
A10: EU-15 | B10: 2020 | C10: 2.6899481
A11: EU-15 | B11: 2025 | C11: 6.4797794
A12: EU-15 | B12: 2030 | C12: 6.2149331
A13: EU-15 | B13: 2035 | C13: 5.3636733
... A16: EU-15 | B16: 2050 | C16: 1.1160714

Sheet TRN-Modes-computation-IntAv
A1: MODES COMPUTATION
A3: 1. Data from GCAM (LoadFactor Hscen)
A4: transport service output by mode
A5: scenario | B5: region | C5: sector | D5: mode | E5: 1990 | F5: 2005 | G5: 2010 | H5: 2015 | I5: 2020 | J5: 2025 | K5: 2030 | L5: 2035 | M5: 2040 | N5: 2045 | O5: 2050 | P5: 2065 | Q5: 2080 | R5: 2095 | S5: Units
A6: Calib_TRN_LoadFactor_L,date=2025-29-4T09:25:57+02:00 | B6: EU-12 | C6: trn_aviation_intl | D6: International Aviation | E6: 32280.9 | F6: 34737.6 | G6: 41232.1 | H6: 44763.7 | I6: 51257.6 | J6: 64215.1 | K6: 74526.8 | L6: 80474.946 | M6: 84869.263 | N6: 87861.08 | O6: 90268.745 | P6: 0 | Q6: 0 | R6: 0 | S6: million pass-km
A7: Calib_TRN_LoadFactor_L,date=2025-29-4T09:25:57+02:00 | B7: EU-12 | C7: trn_freight | D7: Domestic Ship | E7: 70700.7 | F7: 13111.1 | G7: 17363.7 | H7: 15470.5 | I7: 18041.241 | J7: 21665.5 | K7: 26478.3 | L7: 32704.992 | M7: 36349.689 | N7: 38246.963 | O7: 39723.06 | P7: 0 | Q7: 0 | R7: 0 | S7: million ton-km
A8: Calib_TRN_LoadFactor_L,date=2025-29-4T09:25:57+02:00 | B8: EU-12 | C8: trn_freight | D8: Freight Rail | E8: 262042.36 | F8: 198205.21 | G8: 175160.2 | H8: 164781.04 | I8: 183270.9 | J8: 203256.74 | K8: 200245.7 | L8: 178410 | M8: 171664.7 | N8: 175516.8 | O8: 181839 | P8: 0 | Q8: 0 | R8: 0 | S8: million ton-km
A9: Calib_TRN_LoadFactor_L,date=2025-29-4T09:25:57+02:00 | B9: EU-12 | C9: trn_freight | D9: road | E9: 263310 | F9: 397360 | G9: 479298 | H9: 494165 | I9: 545559 | J9: 614383 | K9: 688777 | L9: 758088 | M9: 809208 | N9: 841895 | O9: 866215 | P9: 0 | Q9: 0 | R9: 0 | S9: million ton-km
A10: Calib_TRN_LoadFactor_L,date=2025-29-4T09:25:57+02:00 | B10: EU-12 | C10: trn_freight_road | D10: Heavy truck | E10: 233530 | F10: 354422 | G10: 427651 | H10: 440708 | I10: 486592.3 | J10: 547591.38 | K10: 613341.81 | L10: 674813.26 | M10: 720315.35 | N10: 749151.13 | O10: 769995.49 | P10: 0 | Q10: 0 | R10: 0 | S10: million ton-km
A11: Calib_TRN_LoadFactor_L,date=2025-29-4T09:25:57+02:00 | B11: EU-12 | C11: trn_freight_road | D11: Light truck | E11: 6938.53 | F11: 8895.31 | G11: 10510.8 | H11: 10995.6 | I11: 12126.824 | J11: 13722.014 | K11: 15470.225 | L11: 17081.636 | M11: 18234.816 | N11: 18968.231 | O11: 19543.096 | P11: 0 | Q11: 0 | R11: 0 | S11: million ton-km
A12: Calib_TRN_LoadFactor_L,date=2025-29-4T09:25:57+02:00 | B12: EU-12 | C12: trn_freight_road | D12: Medium truck | E12: 22841.6 | F12: 34042.9 | G12: 41136.2 | H12: 42461.6 | I12: 46840.1 | J12: 53072.851 | K12: 59975.555 | L12: 66214.517 | M12: 70688.175 | N12: 73812.504 | O12: 76719.865 | P12: 0 | Q12: 0 | R12: 0 | S12: million ton-km
A13: Calib_TRN_LoadFactor_L,date=2025-29-4T09:25:57+02:00 | B13: EU-12 | C13: trn_pass | D13: Cycle | E13: 17265.8 | F13: 16531.9 | G13: 16277.9 | H13: 16023.9 | I13: 14530.4 | J13: 13040.6 | K13: 11654.2 | L13: 10622.6 | M13: 9916.58 | N13: 9355.78 | O13: 8880.15 | P13: 0 | Q13: 0 | R13: 0 | S13: million pass-km
A14: Calib_TRN_LoadFactor_L,date=2025-29-4T09:25:57+02:00 | B14: EU-12 | C14: trn_pass | D14: Domestic Aviation | E14: 5331.03 | F14: 5193.26 | G14: 5821.69 | H14: 6241.59 | I14: 7625.93 | J14: 10975 | K14: 13988.8 | L14: 15728.391 | M14: 17158.606 | N14: 18125.605 | O14: 18853.443 | P14: 0 | Q14: 0 | R14: 0 | S14: million pass-km
A15: Calib_TRN_LoadFactor_L,date=2025-29-4T09:25:57+02:00 | B15: EU-12 | C15: trn_pass | D15: HSR | E15: 0 | F15: 0 | G15: 0 | H15: 0 | I15: 327.275 | J15: 840.07 | K15: 1490 | L15: 2258.24 | M15: 3144.18 | N15: 4165.96 | O15: 5336.91 | P15: 0 | Q15: 0 | R15: 0 | S15: million pass-km
A16: Calib_TRN_LoadFactor_L,date=2025-29-4T09:25:57+02:00 | B16: EU-12 | C16: trn_pass | D16: Passenger Rail | E16: 88848.87 | F16: 70151.4 | G16: 61930.3 | H16: 57839.1 | I16: 60894.9 | J16: 64288.7 | K16: 64528.5 | L16: 63979.5 | M16: 62936.7 | N16: 61966.7 | O16: 61040 | P16: 0 | Q16: 0 | R16: 0 | S16: million pass-km
... A45: Calib_TRN_LoadFactor_L,date=2025-29-4T09:25:57+02:00 | B45: EU-15 | C45: trn_shipping_intl | D45: International Ship | E45: 12346400 | F45: 18282500 | G45: 16574700 | H45: 14015900 | I45: 14055326 | J45: 14856120 | K45: 15425600 | L45: 16454398 | M45: 17169591 | N45: 17740740 | O45: 18312617 | P45: 0 | Q45: 0 | R45: 0 | S45: million ton-km
A47: income.elasticity | E47: 1990 | F47: 2005 | G47: 2010 | H47: 2015 | I47: 2020 | J47: 2025 | K47: 2030 | L47: 2035 | M47: 2040 | N47: 2045 | O47: 2050 | P47: 2065 | Q47: 2080 | R47: 2095 | S47: Units
B48: EU-12 | C48: trn_aviation_intl | D48: International Aviation | E48: 1 | F48: 1 | G48: 1 | H48: 1 | I48: 1 | J48: 1 | K48: 1 | L48: 1 | M48: 1 | N48: 1 | O48: 1 | S48: unitless
B49: EU-15 | C49: trn_aviation_intl | D49: International Aviation | E49: 1 | F49: 1 | G49: 1 | H49: 1 | I49: 1 | J49: 1 | K49: 1 | L49: 1 | M49: 1 | N49: 1 | O49: 1 | S49: unitless
A51: transport subsector share-weights
A52: scenario | B52: region | C52: sector | D52: subsector | E52: 1990 | F52: 2005 | G52: 2010 | H52: 2015 | I52: 2020 | J52: 2025 | K52: 2030 | L52: 2035 | M52: 2040 | N52: 2045 | O52: 2050 | P52: 2055 | Q52: 2060 | R52: 2065 | S52: 2070 | T52: 2075 | U52: 2080 | V52: 2085 | W52: 2090 | X52: 2095 | Y52: 2100 | Z52: Units
A53: Calib_TRN_LoadFactor_L,date=2025-29-4T09:25:57+02:00 | B53: EU-12 | C53: trn_aviation_intl | D53: International Aviation | E53: 1 | F53: 1 | G53: 1 | H53: 1 | I53: 1 | J53: 1 | K53: 1 | L53: 1 | M53: 1 | N53: 1 | O53: 1 | P53: 1 | Q53: 1 | R53: 1 | S53: 1 | T53: 1 | U53: 1 | V53: 1 | W53: 1 | X53: 1 | Y53: 1 | Z53: none
A54: Calib_TRN_LoadFactor_L,date=2025-29-4T09:25:57+02:00 | B54: EU-12 | C54: trn_freight | D54: Domestic Ship | E54: 0.000795575 | F54: 0.000114108 | G54: 0.000240711 | H54: 0.000229626 | I54: 0.000229626 | J54: 0.000229626 | K54: 0.000229626 | L54: 0.000229626 | M54: 0.000229626 | N54: 0.000229626 | O54: 0.000229626 | P54: 0.000229626 | Q54: 0.000229626 | R54: 0.000229626 | S54: 0.000229626 | T54: 0.000229626 | U54: 0.000229626 | V54: 0.000229626 | W54: 0.000229626 | X54: 0.000229626 | Y54: 0.000229626 | Z54: none
A55: Calib_TRN_LoadFactor_L,date=2025-29-4T09:25:57+02:00 | B55: EU-12 | C55: trn_freight | D55: Freight Rail | E55: 0.201544 | F55: 0.110995 | G55: 0.0710973 | H55: 0.062487 | I55: 0.062487 | J55: 0.062487 | K55: 0.062487 | L55: 0.062487 | M55: 0.062487 | N55: 0.062487 | O55: 0.062487 | P55: 0.062487 | Q55: 0.062487 | R55: 0.062487 | S55: 0.062487 | T55: 0.062487 | U55: 0.062487 | V55: 0.062487 | W55: 0.062487 | X55: 0.062487 | Y55: 0.062487 | Z55: none
A56: Calib_TRN_LoadFactor_L,date=2025-29-4T09:25:57+02:00 | B56: EU-12 | C56: trn_freight | D56: road | E56: 1 | F56: 1 | G56: 1 | H56: 1 | I56: 1 | J56: 1 | K56: 1 | L56: 1 | M56: 1 | N56: 1 | O56: 1 | P56: 1 | Q56: 1 | R56: 1 | S56: 1 | T56: 1 | U56: 1 | V56: 1 | W56: 1 | X56: 1 | Y56: 1 | Z56: none
A57: Calib_TRN_LoadFactor_L,date=2025-29-4T09:25:57+02:00 | B57: EU-12 | C57: trn_freight_road | D57: Heavy truck | E57: 1 | F57: 1 | G57: 1 | H57: 1 | I57: 1 | J57: 1 | K57: 1 | L57: 1 | M57: 1 | N57: 1 | O57: 1 | P57: 1 | Q57: 1 | R57: 1 | S57: 1 | T57: 1 | U57: 1 | V57: 1 | W57: 1 | X57: 1 | Y57: 1 | Z57: none
A58: Calib_TRN_LoadFactor_L,date=2025-29-4T09:25:57+02:00 | B58: EU-12 | C58: trn_freight_road | D58: Light truck | E58: 0.388042 | F58: 0.326507 | G58: 0.295752 | H58: 0.295565 | I58: 0.295565 | J58: 0.295565 | K58: 0.295565 | L58: 0.295565 | M58: 0.295565 | N58: 0.295565 | O58: 0.295565 | P58: 0.295565 | Q58: 0.295565 | R58: 0.295565 | S58: 0.295565 | T58: 0.295565 | U58: 0.295565 | V58: 0.295565 | W58: 0.295565 | X58: 0.295565 | Y58: 0.295565 | Z58: none
A59: Calib_TRN_LoadFactor_L,date=2025-29-4T09:25:57+02:00 | B59: EU-12 | C59: trn_freight_road | D59: Medium truck | E59: 0.499758 | F59: 0.488309 | G59: 0.461901 | H59: 0.457693 | I59: 0.457693 | J59: 0.457693 | K59: 0.457693 | L59: 0.457693 | M59: 0.457693 | N59: 0.457693 | O59: 0.457693 | P59: 0.457693 | Q59: 0.457693 | R59: 0.457693 | S59: 0.457693 | T59: 0.457693 | U59: 0.457693 | V59: 0.457693 | W59: 0.457693 | X59: 0.457693 | Y59: 0.457693 | Z59: none
A60: Calib_TRN_LoadFactor_L,date=2025-29-4T09:25:57+02:00 | B60: EU-12 | C60: trn_pass | D60: Cycle | E60: 0.0150988 | F60: 0.0140179 | G60: 0.0128294 | H60: 0.0137751 | I60: 0.0137751 | J60: 0.0137751 | K60: 0.0137751 | L60: 0.0137751 | M60: 0.0137751 | N60: 0.0137751 | O60: 0.0137751 | P60: 0.0137751 | Q60: 0.0137751 | R60: 0.0137751 | S60: 0.0137751 | T60: 0.0137751 | U60: 0.0137751 | V60: 0.0137751 | W60: 0.0137751 | X60: 0.0137751 | Y60: 0.0137751 | Z60: none
A61: Calib_TRN_LoadFactor_L,date=2025-29-4T09:25:57+02:00 | B61: EU-12 | C61: trn_pass | D61: Domestic Aviation | E61: 0.00257035 | F61: 0.00157745 | G61: 0.0015847 | H61: 0.00149513 | I61: 0.00149513 | J61: 0.00149513 | K61: 0.00149513 | L61: 0.00149513 | M61: 0.00149513 | N61: 0.00149513 | O61: 0.00149513 | P61: 0.00149513 | Q61: 0.00149513 | R61: 0.00149513 | S61: 0.00149513 | T61: 0.00149513 | U61: 0.00149513 | V61: 0.00149513 | W61: 0.00149513 | X61: 0.00149513 | Y61: 0.00149513 | Z61: none
A62: Calib_TRN_LoadFactor_L,date=2025-29-4T09:25:57+02:00 | B62: EU-12 | C62: trn_pass | D62: HSR | E62: 0 | F62: 0 | G62: 0 | H62: 0 | I62: 5.88235e-05 | J62: 0.000117647 | K62: 0.000176471 | L62: 0.000235294 | M62: 0.000294118 | N62: 0.000352941 | O62: 0.000411765 | P62: 0.000470588 | Q62: 0.000529412 | R62: 0.000588235 | S62: 0.000647059 | T62: 0.000705882 | U62: 0.000764706 | V62: 0.000823529 | W62: 0.000882353 | X62: 0.000941176 | Y62: 0.001 | Z62: none
A63: Calib_TRN_LoadFactor_L,date=2025-29-4T09:25:57+02:00 | B63: EU-12 | C63: trn_pass | D63: Passenger Rail | E63: 0.0353507 | F63: 0.020358 | G63: 0.0147021 | H63: 0.0132408 | I63: 0.0132408 | J63: 0.0132408 | K63: 0.0132408 | L63: 0.0132408 | M63: 0.0132408 | N63: 0.0132408 | O63: 0.0132408 | P63: 0.0132408 | Q63: 0.0132408 | R63: 0.0132408 | S63: 0.0132408 | T63: 0.0132408 | U63: 0.0132408 | V63: 0.0132408 | W63: 0.0132408 | X63: 0.0132408 | Y63: 0.0132408 | Z63: none
... A92: Calib_TRN_LoadFactor_L,date=2025-29-4T09:25:57+02:00 | B92: EU-15 | C92: trn_shipping_intl | D92: International Ship | E92: 1 | F92: 1 | G92: 1 | H92: 1 | I92: 1 | J92: 1 | K92: 1 | L92: 1 | M92: 1 | N92: 1 | O92: 1 | P92: 1 | Q92: 1 | R92: 1 | S92: 1 | T92: 1 | U92: 1 | V92: 1 | W92: 1 | X92: 1 | Y92: 1 | Z92: none
A95: 2. Data to be applied
A96: mode | B96: ctry | C96: 2015 | D96: 2020 | E96: 2050 | F96: GCAM_region_ID | G96: Unit
A97: NMT | B97: AUSTRIA | C97: 0.0692 | D97: 0.07 | E97: 0.1345 | F97: 13 | G97: Perc
A98: NMT | B98: BELGIUM | C98: 0.0523 | D98: 0.0562 | E98: 0.1345 | F98: 13 | G98: Perc
A99: NMT | B99: BULGARIA | C99: 0.0768 | D99: 0.0776 | E99: 0.0755 | F99: 12 | G99: Perc
A100: NMT | B100: CROATIA | C100: 0.074 | D100: 0.074 | E100: 0.0755 | F100: 12 | G100: Perc
A101: NMT | B101: CYPRUS | C101: 0.0426 | D101: 0.0436 | E101: 0.0437 | F101: 12 | G101: Perc
A102: NMT | B102: CZECH_REPUBLIC | C102: 0.0759 | D102: 0.0763 | E102: 0.0755 | F102: 12 | G102: Perc
A103: NMT | B103: DENMARK | C103: 0.0484 | D103: 0.0433 | E103: 0.0847 | F103: 13 | G103: Perc
A104: NMT | B104: ESTONIA | C104: 0.0756 | D104: 0.0768 | E104: 0.0755 | F104: 12 | G104: Perc
A105: NMT | B105: FINLAND | C105: 0.0659 | D105: 0.0661 | E105: 0.075 | F105: 13 | G105: Perc
A106: NMT | B106: FRANCE | C106: 0.0229 | D106: 0.0225 | E106: 0.0787 | F106: 13 | G106: Perc
A107: NMT | B107: GERMANY | C107: 0.0536 | D107: 0.0566 | E107: 0.0873 | F107: 13 | G107: Perc
A108: NMT | B108: GREECE | C108: 0.0251 | D108: 0.0244 | E108: 0.0839 | F108: 13 | G108: Perc
... A236: international aviation | B236: SWEDEN | C236: 0.0611 | D236: 0.0591 | E236: 0.0444 | F236: 13 | G236: Perc
A239: 3. Average data by GCAM_region
A240: GCAM_region_ID | B240: mode | C240: 2015 | D240: 2020 | E240: 2050 | F240: unit | H240: mode | I240: GCAM_region_ID | J240: 2015 | K240: 2020 | L240: 2050 | M240: Unit
A241: 12 | B241: NMT | C241: 0.071471429 | D241: 0.072092857 | E241: 0.07085 | F241: perc | H241: international aviation | I241: 12 | J241: 26465.103 | K241: 25082.175 | L241: 30046.097 | M241: pass km/year
A242: 12 | B242: domestic aviation | C242: 0.0022428571 | D242: 0.0031 | E242: 0 | F242: perc | H242: international aviation | I242: 13 | J242: 50618.2 | K242: 48798.193 | L242: 20356.115 | M242: pass km/year
A243: 12 | B243: international aviation | C243: 0.13205714 | D243: 0.12391429 | E243: 0.14175714 | F243: perc | H243: total | I243: 12 | J243: 145263.64 | K243: 155496.28 | L243: 181455.61 | M243: pass km/year
A244: 12 | B244: road (bus + LDV) | C244: 0.74164286 | D244: 0.75114286 | E244: 0.69492143 | F244: perc | H244: total | I244: 13 | J244: 229105.25 | K244: 231963.82 | L244: 183841.65 | M244: pass km/year
A245: 12 | B245: trains | C245: 0.05255 | D245: 0.04975 | E245: 0.092471429 | F245: perc
A246: 13 | B246: NMT | C246: 0.047592857 | D246: 0.047857143 | E246: 0.087585714 | F246: perc | H246: HALF porcentual change with respect 2015
A247: 13 | B247: domestic aviation | C247: 0.0121 | D247: 0.01165 | E247: 0.0039591214 | F247: perc | H247: int av | I247: 12 | L247: =(L241-J241)/J241 * 0.5 -> 0.067655031
A248: 13 | B248: international aviation | C248: 0.20178571 | D248: 0.19475 | E248: 0.10266429 | F248: perc | H248: int av | I248: 13 | L248: =(L242-J242)/J242 * 0.5 -> -0.29892494
A249: 13 | B249: road (bus + LDV) | C249: 0.67687857 | D249: 0.68233571 | E249: 0.66785 | F249: perc
A250: 13 | B250: trains | C250: 0.061621429 | D250: 0.0634 | E250: 0.13797143 | F250: perc
A253: 4. Rescale modes (not considering international aviation)
A254: GCAM_region_ID | B254: mode | C254: year | D254: value-rescaled | E254: unit
A255: 12 | B255: NMT | C255: 2015 | D255: 0.082349165 | E255: perc
A256: 12 | B256: domestic aviation | C256: 2015 | D256: 0.0025842133 | E256: perc
A257: 12 | B257: road (bus + LDV) | C257: 2015 | D257: 0.85451867 | E257: perc
A258: 12 | B258: trains | C258: 2015 | D258: 0.060547952 | E258: perc
A259: 12 | B259: NMT | C259: 2020 | D259: 0.08228973 | E259: perc
A260: 12 | B260: domestic aviation | C260: 2020 | D260: 0.0035384666 | E260: perc
A261: 12 | B261: road (bus + LDV) | C261: 2020 | D261: 0.85738512 | E261: perc
A262: 12 | B262: trains | C262: 2020 | D262: 0.056786681 | E262: perc
A263: 12 | B263: NMT | C263: 2050 | D263: 0.082552391 | E263: perc
A264: 12 | B264: domestic aviation | C264: 2050 | D264: 0 | E264: perc
A265: 12 | B265: road (bus + LDV) | C265: 2050 | D265: 0.80970255 | E265: perc
A266: 12 | B266: trains | C266: 2050 | D266: 0.10774506 | E266: perc
... A278: 13 | B278: trains | C278: 2050 | D278: 0.15375152 | E278: perc
A281: 5. COMPUTATION: Int Av income elasticity
A283: GCAM data | B283: 2015 | C283: 2020 | D283: 2050 | E283: porcentual change with respect 2015 | G283: Factor computation | J283: 2015 | K283: 2020 | L283: 2025 | M283: 2030 | N283: 2035 | O283: 2040 | P283: 2045 | Q283: 2050
A284: Service Output | E284: GCAM data | F284: GOAL data | G284: Target diff | H284: Target diff accounting for GDP | I284: Income Elasticity
A285: EU-12 | I285: EU-12 | J285: 1 | K285: 1 | L285: =$H$286 -> 0.065659783 | M285: =$H$286 -> 0.065659783 | N285: =$H$286 -> 0.065659783 | O285: =$H$286 -> 0.065659783 | P285: =$H$286 -> 0.065659783 | Q285: =$H$286 -> 0.065659783
A286: Int Av | B286: =H6 -> 44763.7 | C286: =I6 -> 51257.6 | D286: =O6 -> 90268.745 | E286: =(D286-B286)/B286 -> 1.0165613 | F286: =L247 -> 0.067655031 | G286: =F286/E286 -> 0.06655283 | H286: =G286/E294 -> 0.065659783
A287: Total | B287: =H13+H14+H15+H16+H18+H19+H21+H22 -> 2333204.1 | C287: =I13+I14+I15+I16+I18+I19+I21+I22 -> 2493555.7 | D287: =O13+O14+O15+O16+O18+O19+O21+O22 -> 2830386.8
A289: EU-15 | I289: EU-15 | J289: 1 | K289: 1 | L289: =$H$290 -> -0.75390036 | M289: =$H$290 -> -0.75390036 | N289: =$H$290 -> -0.75390036 | O289: =$H$290 -> -0.75390036 | P289: =$H$290 -> -0.75390036 | Q289: =$H$290 -> -0.75390036
A290: Int Av | B290: =H26 -> 399505 | C290: =I26 -> 411222 | D290: =O26 -> 648269.49 | E290: =(D290-B290)/B290 -> 0.62268178 | F290: =L248 -> -0.29892494 | G290: =F290/E290 -> -0.48006052 | H290: =G290/E295 -> -0.75390036
A291: Total | B291: =H33+H34+H35+H36+H38+H39+H41+H42 -> 11615906 | C291: =I33+I34+I35+I36+I38+I39+I41+I42 -> 11813569 | D291: =O33+O34+O35+O36+O38+O39+O41+O42 -> 14200237
A293: GDP - million 1990$
A294: EU-12 | B294: 803610 | C294: 915374 | D294: 1618150 | E294: =(D294-B294)/B294 -> 1.0136011
A295: EU-15 | B295: 7428720 | C295: 7548350 | D295: 12159100 | E295: =(D295-B295)/B295 -> 0.63676919

Sheet TRN-Modes-values-IntAv
A1: region | B1: {='TRN-Modes-computation-IntAv'!J283:Q283} -> 2015 | C1: 2020 | D1: 2025 | E1: 2030 | F1: 2035 | G1: 2040 | H1: 2045 | I1: 2050 | J1: energy.final.demand
A2: {='TRN-Modes-computation-IntAv'!I285:Q285} -> EU-12 | B2: 1 | C2: 1 | D2: 0.065659783 | E2: 0.065659783 | F2: 0.065659783 | G2: 0.065659783 | H2: 0.065659783 | I2: 0.065659783 | J2: trn_aviation_intl
A3: {='TRN-Modes-computation-IntAv'!I289:Q289} -> EU-15 | B3: 1 | C3: 1 | D3: -0.75390036 | E3: -0.75390036 | F3: -0.75390036 | G3: -0.75390036 | H3: -0.75390036 | I3: -0.75390036 | J3: trn_aviation_intl

Sheet TRN-Modes-computation-SW
A1: MODES COMPUTATION
A3: 1. Data from GCAM (LoadFactor Hscen)
A4: transport service output by mode
A5: scenario | B5: region | C5: sector | D5: mode | E5: 1990 | F5: 2005 | G5: 2010 | H5: 2015 | I5: 2020 | J5: 2025 | K5: 2030 | L5: 2035 | M5: 2040 | N5: 2045 | O5: 2050 | P5: 2065 | Q5: 2080 | R5: 2095 | S5: Units
A6: Calib_TRN_IntAv_L,date=2025-29-4T10:22:36+02:00 | B6: EU-12 | C6: trn_aviation_intl | D6: International Aviation | E6: 32280.9 | F6: 34737.6 | G6: 41232.1 | H6: 44763.7 | I6: 51257.6 | J6: 54343.3 | K6: 54438.1 | L6: 52491.03 | M6: 50556.194 | N6: 48832.063 | O6: 47340.197 | P6: 0 | Q6: 0 | R6: 0 | S6: million pass-km
A7: Calib_TRN_IntAv_L,date=2025-29-4T10:22:36+02:00 | B7: EU-12 | C7: trn_freight | D7: Domestic Ship | E7: 70700.7 | F7: 13111.1 | G7: 17363.7 | H7: 15470.5 | I7: 18041.241 | J7: 21673.21 | K7: 26499.7 | L7: 32737.437 | M7: 36393.296 | N7: 38293.992 | O7: 39769.738 | P7: 0 | Q7: 0 | R7: 0 | S7: million ton-km
A8: Calib_TRN_IntAv_L,date=2025-29-4T10:22:36+02:00 | B8: EU-12 | C8: trn_freight | D8: Freight Rail | E8: 262042.36 | F8: 198205.21 | G8: 175160.2 | H8: 164781.04 | I8: 183270.9 | J8: 203243.18 | K8: 200213 | L8: 178374 | M8: 171623.6 | N8: 175474.2 | O8: 181797.7 | P8: 0 | Q8: 0 | R8: 0 | S8: million ton-km
A9: Calib_TRN_IntAv_L,date=2025-29-4T10:22:36+02:00 | B9: EU-12 | C9: trn_freight | D9: road | E9: 263310 | F9: 397360 | G9: 479298 | H9: 494165 | I9: 545559 | J9: 614422 | K9: 688875 | L9: 758215 | M9: 809364 | N9: 842059 | O9: 866374 | P9: 0 | Q9: 0 | R9: 0 | S9: million ton-km
A10: Calib_TRN_IntAv_L,date=2025-29-4T10:22:36+02:00 | B10: EU-12 | C10: trn_freight_road | D10: Heavy truck | E10: 233530 | F10: 354422 | G10: 427651 | H10: 440708 | I10: 486592.3 | J10: 547626.48 | K10: 613432.15 | L10: 674932.84 | M10: 720464.35 | N10: 749310.96 | O10: 770153.35 | P10: 0 | Q10: 0 | R10: 0 | S10: million ton-km
A11: Calib_TRN_IntAv_L,date=2025-29-4T10:22:36+02:00 | B11: EU-12 | C11: trn_freight_road | D11: Light truck | E11: 6938.53 | F11: 8895.31 | G11: 10510.8 | H11: 10995.6 | I11: 12126.824 | J11: 13722.636 | K11: 15471.48 | L11: 17082.471 | M11: 18235.5 | N11: 18968.472 | O11: 19542.933 | P11: 0 | Q11: 0 | R11: 0 | S11: million ton-km
A12: Calib_TRN_IntAv_L,date=2025-29-4T10:22:36+02:00 | B12: EU-12 | C12: trn_freight_road | D12: Medium truck | E12: 22841.6 | F12: 34042.9 | G12: 41136.2 | H12: 42461.6 | I12: 46840.1 | J12: 53075.599 | K12: 59981.743 | L12: 66220.431 | M12: 70694.292 | N12: 73817.015 | O12: 76722.454 | P12: 0 | Q12: 0 | R12: 0 | S12: million ton-km
A13: Calib_TRN_IntAv_L,date=2025-29-4T10:22:36+02:00 | B13: EU-12 | C13: trn_pass | D13: Cycle | E13: 17265.8 | F13: 16531.9 | G13: 16277.9 | H13: 16023.9 | I13: 14530.4 | J13: 13040.5 | K13: 11654.1 | L13: 10622.4 | M13: 9916.45 | N13: 9355.67 | O13: 8880.07 | P13: 0 | Q13: 0 | R13: 0 | S13: million pass-km
A14: Calib_TRN_IntAv_L,date=2025-29-4T10:22:36+02:00 | B14: EU-12 | C14: trn_pass | D14: Domestic Aviation | E14: 5331.03 | F14: 5193.26 | G14: 5821.69 | H14: 6241.59 | I14: 7625.93 | J14: 10976.6 | K14: 13993.3 | L14: 15734.048 | M14: 17165.87 | N14: 18133.148 | O14: 18860.61 | P14: 0 | Q14: 0 | R14: 0 | S14: million pass-km
A15: Calib_TRN_IntAv_L,date=2025-29-4T10:22:36+02:00 | B15: EU-12 | C15: trn_pass | D15: HSR | E15: 0 | F15: 0 | G15: 0 | H15: 0 | I15: 327.275 | J15: 840.064 | K15: 1489.98 | L15: 2258.21 | M15: 3144.15 | N15: 4165.93 | O15: 5336.89 | P15: 0 | Q15: 0 | R15: 0 | S15: million pass-km
A16: Calib_TRN_IntAv_L,date=2025-29-4T10:22:36+02:00 | B16: EU-12 | C16: trn_pass | D16: Passenger Rail | E16: 88848.87 | F16: 70151.4 | G16: 61930.3 | H16: 57839.1 | I16: 60894.9 | J16: 64288.9 | K16: 64529.2 | L16: 63980.4 | M16: 62937.7 | N16: 61967.8 | O16: 61041 | P16: 0 | Q16: 0 | R16: 0 | S16: million pass-km
... A45: Calib_TRN_IntAv_L,date=2025-29-4T10:22:36+02:00 | B45: EU-15 | C45: trn_shipping_intl | D45: International Ship | E45: 12346400 | F45: 18282500 | G45: 16574700 | H45: 14015900 | I45: 14055326 | J45: 14857700 | K45: 15429090 | L45: 16458252 | M45: 17174807 | N45: 17745489 | O45: 18316869 | P45: 0 | Q45: 0 | R45: 0 | S45: million ton-km
A47: income.elasticity | E47: 1990 | F47: 2005 | G47: 2010 | H47: 2015 | I47: 2020 | J47: 2025 | K47: 2030 | L47: 2035 | M47: 2040 | N47: 2045 | O47: 2050 | P47: 2065 | Q47: 2080 | R47: 2095 | S47: Units
B48: EU-12 | C48: trn_aviation_intl | D48: International Aviation | E48: 1 | F48: 1 | G48: 1 | H48: 1 | I48: 1 | J48: 1 | K48: 1 | L48: 1 | M48: 1 | N48: 1 | O48: 1 | S48: unitless
B49: EU-15 | C49: trn_aviation_intl | D49: International Aviation | E49: 1 | F49: 1 | G49: 1 | H49: 1 | I49: 1 | J49: 1 | K49: 1 | L49: 1 | M49: 1 | N49: 1 | O49: 1 | S49: unitless
A51: transport subsector share-weights
A52: scenario | B52: region | C52: sector | D52: subsector | E52: 1990 | F52: 2005 | G52: 2010 | H52: 2015 | I52: 2020 | J52: 2025 | K52: 2030 | L52: 2035 | M52: 2040 | N52: 2045 | O52: 2050 | P52: 2055 | Q52: 2060 | R52: 2065 | S52: 2070 | T52: 2075 | U52: 2080 | V52: 2085 | W52: 2090 | X52: 2095 | Y52: 2100 | Z52: Units
A53: Calib_TRN_IntAv_L,date=2025-29-4T10:22:36+02:00 | B53: EU-12 | C53: trn_aviation_intl | D53: International Aviation | E53: 1 | F53: 1 | G53: 1 | H53: 1 | I53: 1 | J53: 1 | K53: 1 | L53: 1 | M53: 1 | N53: 1 | O53: 1 | P53: 1 | Q53: 1 | R53: 1 | S53: 1 | T53: 1 | U53: 1 | V53: 1 | W53: 1 | X53: 1 | Y53: 1 | Z53: none
A54: Calib_TRN_IntAv_L,date=2025-29-4T10:22:36+02:00 | B54: EU-12 | C54: trn_freight | D54: Domestic Ship | E54: 0.000795575 | F54: 0.000114108 | G54: 0.000240711 | H54: 0.000229626 | I54: 0.000229626 | J54: 0.000229626 | K54: 0.000229626 | L54: 0.000229626 | M54: 0.000229626 | N54: 0.000229626 | O54: 0.000229626 | P54: 0.000229626 | Q54: 0.000229626 | R54: 0.000229626 | S54: 0.000229626 | T54: 0.000229626 | U54: 0.000229626 | V54: 0.000229626 | W54: 0.000229626 | X54: 0.000229626 | Y54: 0.000229626 | Z54: none
A55: Calib_TRN_IntAv_L,date=2025-29-4T10:22:36+02:00 | B55: EU-12 | C55: trn_freight | D55: Freight Rail | E55: 0.201544 | F55: 0.110995 | G55: 0.0710973 | H55: 0.062487 | I55: 0.062487 | J55: 0.062487 | K55: 0.062487 | L55: 0.062487 | M55: 0.062487 | N55: 0.062487 | O55: 0.062487 | P55: 0.062487 | Q55: 0.062487 | R55: 0.062487 | S55: 0.062487 | T55: 0.062487 | U55: 0.062487 | V55: 0.062487 | W55: 0.062487 | X55: 0.062487 | Y55: 0.062487 | Z55: none
A56: Calib_TRN_IntAv_L,date=2025-29-4T10:22:36+02:00 | B56: EU-12 | C56: trn_freight | D56: road | E56: 1 | F56: 1 | G56: 1 | H56: 1 | I56: 1 | J56: 1 | K56: 1 | L56: 1 | M56: 1 | N56: 1 | O56: 1 | P56: 1 | Q56: 1 | R56: 1 | S56: 1 | T56: 1 | U56: 1 | V56: 1 | W56: 1 | X56: 1 | Y56: 1 | Z56: none
A57: Calib_TRN_IntAv_L,date=2025-29-4T10:22:36+02:00 | B57: EU-12 | C57: trn_freight_road | D57: Heavy truck | E57: 1 | F57: 1 | G57: 1 | H57: 1 | I57: 1 | J57: 1 | K57: 1 | L57: 1 | M57: 1 | N57: 1 | O57: 1 | P57: 1 | Q57: 1 | R57: 1 | S57: 1 | T57: 1 | U57: 1 | V57: 1 | W57: 1 | X57: 1 | Y57: 1 | Z57: none
A58: Calib_TRN_IntAv_L,date=2025-29-4T10:22:36+02:00 | B58: EU-12 | C58: trn_freight_road | D58: Light truck | E58: 0.388042 | F58: 0.326507 | G58: 0.295752 | H58: 0.295565 | I58: 0.295565 | J58: 0.295565 | K58: 0.295565 | L58: 0.295565 | M58: 0.295565 | N58: 0.295565 | O58: 0.295565 | P58: 0.295565 | Q58: 0.295565 | R58: 0.295565 | S58: 0.295565 | T58: 0.295565 | U58: 0.295565 | V58: 0.295565 | W58: 0.295565 | X58: 0.295565 | Y58: 0.295565 | Z58: none
A59: Calib_TRN_IntAv_L,date=2025-29-4T10:22:36+02:00 | B59: EU-12 | C59: trn_freight_road | D59: Medium truck | E59: 0.499758 | F59: 0.488309 | G59: 0.461901 | H59: 0.457693 | I59: 0.457693 | J59: 0.457693 | K59: 0.457693 | L59: 0.457693 | M59: 0.457693 | N59: 0.457693 | O59: 0.457693 | P59: 0.457693 | Q59: 0.457693 | R59: 0.457693 | S59: 0.457693 | T59: 0.457693 | U59: 0.457693 | V59: 0.457693 | W59: 0.457693 | X59: 0.457693 | Y59: 0.457693 | Z59: none
A60: Calib_TRN_IntAv_L,date=2025-29-4T10:22:36+02:00 | B60: EU-12 | C60: trn_pass | D60: Cycle | E60: 0.0150988 | F60: 0.0140179 | G60: 0.0128294 | H60: 0.0137751 | I60: 0.0137751 | J60: 0.0137751 | K60: 0.0137751 | L60: 0.0137751 | M60: 0.0137751 | N60: 0.0137751 | O60: 0.0137751 | P60: 0.0137751 | Q60: 0.0137751 | R60: 0.0137751 | S60: 0.0137751 | T60: 0.0137751 | U60: 0.0137751 | V60: 0.0137751 | W60: 0.0137751 | X60: 0.0137751 | Y60: 0.0137751 | Z60: none
A61: Calib_TRN_IntAv_L,date=2025-29-4T10:22:36+02:00 | B61: EU-12 | C61: trn_pass | D61: Domestic Aviation | E61: 0.00257035 | F61: 0.00157745 | G61: 0.0015847 | H61: 0.00149513 | I61: 0.00149513 | J61: 0.00149513 | K61: 0.00149513 | L61: 0.00149513 | M61: 0.00149513 | N61: 0.00149513 | O61: 0.00149513 | P61: 0.00149513 | Q61: 0.00149513 | R61: 0.00149513 | S61: 0.00149513 | T61: 0.00149513 | U61: 0.00149513 | V61: 0.00149513 | W61: 0.00149513 | X61: 0.00149513 | Y61: 0.00149513 | Z61: none
A62: Calib_TRN_IntAv_L,date=2025-29-4T10:22:36+02:00 | B62: EU-12 | C62: trn_pass | D62: HSR | E62: 0 | F62: 0 | G62: 0 | H62: 0 | I62: 5.88235e-05 | J62: 0.000117647 | K62: 0.000176471 | L62: 0.000235294 | M62: 0.000294118 | N62: 0.000352941 | O62: 0.000411765 | P62: 0.000470588 | Q62: 0.000529412 | R62: 0.000588235 | S62: 0.000647059 | T62: 0.000705882 | U62: 0.000764706 | V62: 0.000823529 | W62: 0.000882353 | X62: 0.000941176 | Y62: 0.001 | Z62: none
A63: Calib_TRN_IntAv_L,date=2025-29-4T10:22:36+02:00 | B63: EU-12 | C63: trn_pass | D63: Passenger Rail | E63: 0.0353507 | F63: 0.020358 | G63: 0.0147021 | H63: 0.0132408 | I63: 0.0132408 | J63: 0.0132408 | K63: 0.0132408 | L63: 0.0132408 | M63: 0.0132408 | N63: 0.0132408 | O63: 0.0132408 | P63: 0.0132408 | Q63: 0.0132408 | R63: 0.0132408 | S63: 0.0132408 | T63: 0.0132408 | U63: 0.0132408 | V63: 0.0132408 | W63: 0.0132408 | X63: 0.0132408 | Y63: 0.0132408 | Z63: none
... A92: Calib_TRN_IntAv_L,date=2025-29-4T10:22:36+02:00 | B92: EU-15 | C92: trn_shipping_intl | D92: International Ship | E92: 1 | F92: 1 | G92: 1 | H92: 1 | I92: 1 | J92: 1 | K92: 1 | L92: 1 | M92: 1 | N92: 1 | O92: 1 | P92: 1 | Q92: 1 | R92: 1 | S92: 1 | T92: 1 | U92: 1 | V92: 1 | W92: 1 | X92: 1 | Y92: 1 | Z92: none
A95: 2. Data to be applied
A96: mode | B96: ctry | C96: 2015 | D96: 2020 | E96: 2050 | F96: GCAM_region_ID | G96: Unit
A97: NMT | B97: AUSTRIA | C97: 0.0692 | D97: 0.07 | E97: 0.1345 | F97: 13 | G97: Perc
A98: NMT | B98: BELGIUM | C98: 0.0523 | D98: 0.0562 | E98: 0.1345 | F98: 13 | G98: Perc
A99: NMT | B99: BULGARIA | C99: 0.0768 | D99: 0.0776 | E99: 0.0755 | F99: 12 | G99: Perc
A100: NMT | B100: CROATIA | C100: 0.074 | D100: 0.074 | E100: 0.0755 | F100: 12 | G100: Perc
A101: NMT | B101: CYPRUS | C101: 0.0426 | D101: 0.0436 | E101: 0.0437 | F101: 12 | G101: Perc
A102: NMT | B102: CZECH_REPUBLIC | C102: 0.0759 | D102: 0.0763 | E102: 0.0755 | F102: 12 | G102: Perc
A103: NMT | B103: DENMARK | C103: 0.0484 | D103: 0.0433 | E103: 0.0847 | F103: 13 | G103: Perc
A104: NMT | B104: ESTONIA | C104: 0.0756 | D104: 0.0768 | E104: 0.0755 | F104: 12 | G104: Perc
A105: NMT | B105: FINLAND | C105: 0.0659 | D105: 0.0661 | E105: 0.075 | F105: 13 | G105: Perc
A106: NMT | B106: FRANCE | C106: 0.0229 | D106: 0.0225 | E106: 0.0787 | F106: 13 | G106: Perc
A107: NMT | B107: GERMANY | C107: 0.0536 | D107: 0.0566 | E107: 0.0873 | F107: 13 | G107: Perc
A108: NMT | B108: GREECE | C108: 0.0251 | D108: 0.0244 | E108: 0.0839 | F108: 13 | G108: Perc
... A236: international aviation | B236: SWEDEN | C236: 0.0611 | D236: 0.0591 | E236: 0.0444 | F236: 13 | G236: Perc
A239: 3. Average data by GCAM_region
A240: GCAM_region_ID | B240: mode | C240: 2015 | D240: 2020 | E240: 2050 | F240: unit | H240: mode | I240: GCAM_region_ID | J240: 2015 | K240: 2020 | L240: 2050 | M240: Unit
A241: 12 | B241: NMT | C241: 0.071471429 | D241: 0.072092857 | E241: 0.07085 | F241: perc | H241: international aviation | I241: 12 | J241: 26465.103 | K241: 25082.175 | L241: 30046.097 | M241: pass km/year
A242: 12 | B242: domestic aviation | C242: 0.0022428571 | D242: 0.0031 | E242: 0 | F242: perc | H242: international aviation | I242: 13 | J242: 50618.2 | K242: 48798.193 | L242: 20356.115 | M242: pass km/year
A243: 12 | B243: international aviation | C243: 0.13205714 | D243: 0.12391429 | E243: 0.14175714 | F243: perc | H243: total | I243: 12 | J243: 145263.64 | K243: 155496.28 | L243: 181455.61 | M243: pass km/year
A244: 12 | B244: road (bus + LDV) | C244: 0.74164286 | D244: 0.75114286 | E244: 0.69492143 | F244: perc | H244: total | I244: 13 | J244: 229105.25 | K244: 231963.82 | L244: 183841.65 | M244: pass km/year
A245: 12 | B245: trains | C245: 0.05255 | D245: 0.04975 | E245: 0.092471429 | F245: perc
A246: 13 | B246: NMT | C246: 0.047592857 | D246: 0.047857143 | E246: 0.087585714 | F246: perc | H246: HALF porcentual change with respect 2015
A247: 13 | B247: domestic aviation | C247: 0.0121 | D247: 0.01165 | E247: 0.0039591214 | F247: perc | H247: int av | I247: 12 | L247: =(L241-J241)/J241 * 0.5 -> 0.067655031
A248: 13 | B248: international aviation | C248: 0.20178571 | D248: 0.19475 | E248: 0.10266429 | F248: perc | H248: int av | I248: 13 | L248: =(L242-J242)/J242 * 0.5 -> -0.29892494
A249: 13 | B249: road (bus + LDV) | C249: 0.67687857 | D249: 0.68233571 | E249: 0.66785 | F249: perc
A250: 13 | B250: trains | C250: 0.061621429 | D250: 0.0634 | E250: 0.13797143 | F250: perc
A253: 4. Rescale modes (not considering international aviation)
A254: GCAM_region_ID | B254: mode | C254: year | D254: value-rescaled | E254: unit
A255: 12 | B255: NMT | C255: 2015 | D255: 0.082349165 | E255: perc
A256: 12 | B256: domestic aviation | C256: 2015 | D256: 0.0025842133 | E256: perc
A257: 12 | B257: road (bus + LDV) | C257: 2015 | D257: 0.85451867 | E257: perc
A258: 12 | B258: trains | C258: 2015 | D258: 0.060547952 | E258: perc
A259: 12 | B259: NMT | C259: 2020 | D259: 0.08228973 | E259: perc
A260: 12 | B260: domestic aviation | C260: 2020 | D260: 0.0035384666 | E260: perc
A261: 12 | B261: road (bus + LDV) | C261: 2020 | D261: 0.85738512 | E261: perc
A262: 12 | B262: trains | C262: 2020 | D262: 0.056786681 | E262: perc
A263: 12 | B263: NMT | C263: 2050 | D263: 0.082552391 | E263: perc
A264: 12 | B264: domestic aviation | C264: 2050 | D264: 0 | E264: perc
A265: 12 | B265: road (bus + LDV) | C265: 2050 | D265: 0.80970255 | E265: perc
A266: 12 | B266: trains | C266: 2050 | D266: 0.10774506 | E266: perc
... A278: 13 | B278: trains | C278: 2050 | D278: 0.15375152 | E278: perc
A281: 5. COMPUTATION: Int Av income elasticity
A283: GCAM data | B283: 2015 | C283: 2020 | D283: 2050 | E283: porcentual change with respect 2015 | G283: Factor computation | J283: 2015 | K283: 2020 | L283: 2025 | M283: 2030 | N283: 2035 | O283: 2040 | P283: 2045 | Q283: 2050
A284: Service Output | E284: GCAM data | F284: GOAL data | G284: Target diff | H284: Target diff accounting for GDP | I284: Income Elasticity
A285: EU-12 | I285: EU-12 | J285: 1 | K285: 1 | L285: =$H$286 -> 1.1596562 | M285: =$H$286 -> 1.1596562 | N285: =$H$286 -> 1.1596562 | O285: =$H$286 -> 1.1596562 | P285: =$H$286 -> 1.1596562 | Q285: =$H$286 -> 1.1596562
A286: Int Av | B286: =H6 -> 44763.7 | C286: =I6 -> 51257.6 | D286: =O6 -> 47340.197 | E286: =(D286-B286)/B286 -> 0.057557741 | F286: =L247 -> 0.067655031 | G286: =F286/E286 -> 1.1754289 | H286: =G286/E294 -> 1.1596562
A287: Total | B287: =H13+H14+H15+H16+H18+H19+H21+H22 -> 2333204.1 | C287: =I13+I14+I15+I16+I18+I19+I21+I22 -> 2493555.7 | D287: =O13+O14+O15+O16+O18+O19+O21+O22 -> 2830452.1
A289: EU-15 | I289: EU-15 | J289: 1 | K289: 1 | L289: =$H$290 -> 1.6476492 | M289: =$H$290 -> 1.6476492 | N289: =$H$290 -> 1.6476492 | O289: =$H$290 -> 1.6476492 | P289: =$H$290 -> 1.6476492 | Q289: =$H$290 -> 1.6476492
A290: Int Av | B290: =H26 -> 399505 | C290: =I26 -> 411222 | D290: =O26 -> 285680.02 | E290: =(D290-B290)/B290 -> -0.28491502 | F290: =L248 -> -0.29892494 | G290: =F290/E290 -> 1.0491723 | H290: =G290/E295 -> 1.6476492
A291: Total | B291: =H33+H34+H35+H36+H38+H39+H41+H42 -> 11615906 | C291: =I33+I34+I35+I36+I38+I39+I41+I42 -> 11813569 | D291: =O33+O34+O35+O36+O38+O39+O41+O42 -> 14200577
A293: GDP - million 1990$
A294: EU-12 | B294: 803610 | C294: 915374 | D294: 1618150 | E294: =(D294-B294)/B294 -> 1.0136011
A295: EU-15 | B295: 7428720 | C295: 7548350 | D295: 12159100 | E295: =(D295-B295)/B295 -> 0.63676919
A299: 6. COMPUTATION: Trn modes - share weights
P300: 0 | Q300: 1 | R300: 2 | S300: 3 | T300: 4 | U300: 5 | V300: 6
A301: GCAM data | B301: 2015 | C301: 2020 | D301: 2025 | E301: 2030 | F301: 2035 | G301: 2040 | H301: 2045 | I301: 2050 | J301: porcentual change with respect 2015 | L301: Factor computation | O301: 2015 | P301: 2020 | Q301: 2025 | R301: 2030 | S301: 2035 | T301: 2040 | U301: 2045 | V301: 2050 | W301: check
A302: Service Output | J302: GCAM data | K302: GOAL data | L302: Target diff | N302: Share Weights
A303: EU-12 | K303: NOTE: HALF porcentual change | N303: EU-12
A304: NMT - Cycling | B304: =H13 -> 16023.9 | C304: =I13 -> 14530.4 | D304: =J13 -> 13040.5 | E304: =K13 -> 11654.1 | F304: =L13 -> 10622.4 | G304: =M13 -> 9916.45 | H304: =N13 -> 9355.67 | I304: =O13 -> 8880.07 | N304: NMT - Cycling | O304: =H60 -> 0.0137751 | P304: =I60 -> 0.0137751 | Q304: =$P304+($P304*$L313-$P304)*Q300/$V$300 -> 0.019413894 | R304: =$P304+($P304*$L313-$P304)*R300/$V$300 -> 0.025052688 | S304: =$P304+($P304*$L313-$P304)*S300/$V$300 -> 0.030691482 | T304: =$P304+($P304*$L313-$P304)*T300/$V$300 -> 0.036330276 | U304: =$P304+($P304*$L313-$P304)*U300/$V$300 -> 0.04196907 | V304: =$P304+($P304*$L313-$P304)*V300/$V$300 -> 0.047607864 | W304: =V304/P304 -> 3.4560812
A305: NMT - Walking | B305: =H17 -> 48072.8 | C305: =I17 -> 43592.2 | D305: =J17 -> 39122.4 | E305: =K17 -> 34963 | F305: =L17 -> 31868 | G305: =M17 -> 29750 | H305: =N17 -> 28067.6 | I305: =O17 -> 26640.8 | N305: NMT - Walking | O305: =H64 -> 0.403575 | P305: =I64 -> 0.403575 | Q305: =$P305+($P305*$L313-$P305)*Q300/$V$300 -> 0.56877716 | R305: =$P305+($P305*$L313-$P305)*R300/$V$300 -> 0.73397933 | S305: =$P305+($P305*$L313-$P305)*S300/$V$300 -> 0.89918149 | T305: =$P305+($P305*$L313-$P305)*T300/$V$300 -> 1.0643837 | U305: =$P305+($P305*$L313-$P305)*U300/$V$300 -> 1.2295858 | V305: =$P305+($P305*$L313-$P305)*V300/$V$300 -> 1.394788 | W305: =V305/P305 -> 3.4560812
A306: road - 4W | B306: =H22 -> 841165 | C306: =I22 -> 902927 | D306: =J22 -> 974403 | E306: =K22 -> 1029390 | F306: =L22 -> 1060210 | G306: =M22 -> 1046010 | H306: =N22 -> 1027160 | I306: =O22 -> 1005710 | N306: road - 4W | O306: =H69 -> 1 | P306: =I69 -> 1 | Q306: =$P306+($P306*$L314-$P306)*Q300/$V$300 -> 0.9840461 | R306: =$P306+($P306*$L314-$P306)*R300/$V$300 -> 0.9680922 | S306: =$P306+($P306*$L314-$P306)*S300/$V$300 -> 0.9521383 | T306: =$P306+($P306*$L314-$P306)*T300/$V$300 -> 0.9361844 | U306: =$P306+($P306*$L314-$P306)*U300/$V$300 -> 0.9202305 | V306: =$P306+($P306*$L314-$P306)*V300/$V$300 -> 0.9042766 | W306: =V306/P306 -> 0.9042766
A307: road - 2-3W | B307: =H21 -> 40976.7 | C307: =I21 -> 40870.7 | D307: =J21 -> 41764.1 | E307: =K21 -> 39742.7 | F307: =L21 -> 37423.2 | G307: =M21 -> 35303.7 | H307: =N21 -> 33522.6 | I307: =O21 -> 31884.2 | N307: road - 2-3W | O307: =H68 -> 0.012729 | P307: =I68 -> 0.012729 | Q307: =$P307+($P307*$L314-$P307)*Q300/$V$300 -> 0.012525923 | R307: =$P307+($P307*$L314-$P307)*R300/$V$300 -> 0.012322846 | S307: =$P307+($P307*$L314-$P307)*S300/$V$300 -> 0.012119768 | T307: =$P307+($P307*$L314-$P307)*T300/$V$300 -> 0.011916691 | U307: =$P307+($P307*$L314-$P307)*U300/$V$300 -> 0.011713614 | V307: =$P307+($P307*$L314-$P307)*V300/$V$300 -> 0.011510537 | W307: =V307/P307 -> 0.9042766
A308: road - bus | B308: =H19 -> 244407.8 | C308: =I19 -> 261289.45 | D308: =J19 -> 286997.88 | E308: =K19 -> 293065.8 | F308: =L19 -> 299552.29 | G308: =M19 -> 307417.85 | H308: =N19 -> 317157.1 | I308: =O19 -> 330569.36 | N308: road - bus | O308: =H66 -> 0.388134 | P308: =I66 -> 0.388134 | Q308: =$P308+($P308*$L314-$P308)*Q300/$V$300 -> 0.38194175 | R308: =$P308+($P308*$L314-$P308)*R300/$V$300 -> 0.3757495 | S308: =$P308+($P308*$L314-$P308)*S300/$V$300 -> 0.36955725 | T308: =$P308+($P308*$L314-$P308)*T300/$V$300 -> 0.363365 | U308: =$P308+($P308*$L314-$P308)*U300/$V$300 -> 0.35717274 | V308: =$P308+($P308*$L314-$P308)*V300/$V$300 -> 0.35098049 | W308: =V308/P308 -> 0.9042766
A309: trains - HSR | B309: =H15 -> 0 | C309: =I15 -> 327.275 | D309: =J15 -> 840.064 | E309: =K15 -> 1489.98 | F309: =L15 -> 2258.21 | G309: =M15 -> 3144.15 | H309: =N15 -> 4165.93 | I309: =O15 -> 5336.89 | N309: trains - HSR | O309: =H62 -> 0 | P309: =I62 -> 5.88235e-05 | Q309: =$P309+($P309*$L315-$P309)*Q300/$V$300 -> 6.3479159e-05 | R309: =$P309+($P309*$L315-$P309)*R300/$V$300 -> 6.8134817e-05 | S309: =$P309+($P309*$L315-$P309)*S300/$V$300 -> 7.2790476e-05 | T309: =$P309+($P309*$L315-$P309)*T300/$V$300 -> 7.7446135e-05 | U309: =$P309+($P309*$L315-$P309)*U300/$V$300 -> 8.2101794e-05 | V309: =$P309+($P309*$L315-$P309)*V300/$V$300 -> 8.6757452e-05 | W309: =V309/P309 -> 1.4748774
A310: trains - Pass Rail | B310: =H16 -> 57839.1 | C310: =I16 -> 60894.9 | D310: =J16 -> 64288.9 | E310: =K16 -> 64529.2 | F310: =L16 -> 63980.4 | G310: =M16 -> 62937.7 | H310: =N16 -> 61967.8 | I310: =O16 -> 61041 | N310: trains - Pass Rail | O310: =H63 -> 0.0132408 | P310: =I63 -> 0.0132408 | Q310: =$P310+($P310*$L315-$P310)*Q300/$V$300 -> 0.01428876 | R310: =$P310+($P310*$L315-$P310)*R300/$V$300 -> 0.015336719 | S310: =$P310+($P310*$L315-$P310)*S300/$V$300 -> 0.016384679 | T310: =$P310+($P310*$L315-$P310)*T300/$V$300 -> 0.017432638 | U310: =$P310+($P310*$L315-$P310)*U300/$V$300 -> 0.018480598 | V310: =$P310+($P310*$L315-$P310)*V300/$V$300 -> 0.019528557 | W310: =V310/P310 -> 1.4748774
A311: av - Dom Av | B311: =H14 -> 6241.59 | C311: =I14 -> 7625.93 | D311: =J14 -> 10976.6 | E311: =K14 -> 13993.3 | F311: =L14 -> 15734.048 | G311: =M14 -> 17165.87 | H311: =N14 -> 18133.148 | I311: =O14 -> 18860.61 | N311: av - Dom Av | O311: =H61 -> 0.00149513 | P311: =I61 -> 0.00149513 | Q311: =$P311+($P311*$L316-$P311)*Q300/$V$300 -> 0.0012459417 | R311: =$P311+($P311*$L316-$P311)*R300/$V$300 -> 0.00099675333 | S311: =$P311+($P311*$L316-$P311)*S300/$V$300 -> 0.000747565 | T311: =$P311+($P311*$L316-$P311)*T300/$V$300 -> 0.00049837667 | U311: =$P311+($P311*$L316-$P311)*U300/$V$300 -> 0.00024918833 | V311: =$P311+($P311*$L316-$P311)*V300/$V$300 -> 0 | W311: =V311/P311 -> 0
...

Sheet TRN-Modes-values-SW
A1: region | B1: mode | C1: 2015 | D1: 2020 | E1: 2025 | F1: 2030 | G1: 2035 | H1: 2040 | I1: 2045 | J1: 2050 | K1: tranSubsector
A2: EU-12 | B2: {='TRN-Modes-computation-SW'!N304:V311} -> NMT - Cycling | C2: 0.0137751 | D2: 0.0137751 | E2: 0.019413894 | F2: 0.025052688 | G2: 0.030691482 | H2: 0.036330276 | I2: 0.04196907 | J2: 0.047607864 | K2: Cycle
A3: EU-12 | B3: NMT - Walking | C3: 0.403575 | D3: 0.403575 | E3: 0.56877716 | F3: 0.73397933 | G3: 0.89918149 | H3: 1.0643837 | I3: 1.2295858 | J3: 1.394788 | K3: Walk
A4: EU-12 | B4: road - 4W | C4: 1 | D4: 1 | E4: 0.9840461 | F4: 0.9680922 | G4: 0.9521383 | H4: 0.9361844 | I4: 0.9202305 | J4: 0.9042766 | K4: 4W
A5: EU-12 | B5: road - 2-3W | C5: 0.012729 | D5: 0.012729 | E5: 0.012525923 | F5: 0.012322846 | G5: 0.012119768 | H5: 0.011916691 | I5: 0.011713614 | J5: 0.011510537 | K5: 2W and 3W
A6: EU-12 | B6: road - bus | C6: 0.388134 | D6: 0.388134 | E6: 0.38194175 | F6: 0.3757495 | G6: 0.36955725 | H6: 0.363365 | I6: 0.35717274 | J6: 0.35098049 | K6: Bus
A7: EU-12 | B7: trains - HSR | C7: 0 | D7: 5.88235e-05 | E7: 6.3479159e-05 | F7: 6.8134817e-05 | G7: 7.2790476e-05 | H7: 7.7446135e-05 | I7: 8.2101794e-05 | J7: 8.6757452e-05 | K7: HSR
A8: EU-12 | B8: trains - Pass Rail | C8: 0.0132408 | D8: 0.0132408 | E8: 0.01428876 | F8: 0.015336719 | G8: 0.016384679 | H8: 0.017432638 | I8: 0.018480598 | J8: 0.019528557 | K8: Passenger Rail
A9: EU-12 | B9: av - Dom Av | C9: 0.00149513 | D9: 0.00149513 | E9: 0.0012459417 | F9: 0.00099675333 | G9: 0.000747565 | H9: 0.00049837667 | I9: 0.00024918833 | J9: 0 | K9: Domestic Aviation
A10: EU-15 | B10: {='TRN-Modes-computation-SW'!N320:V327} -> NMT - Cycling | C10: 0.0239423 | D10: 0.0239423 | E10: 0.036698093 | F10: 0.049453886 | G10: 0.062209679 | H10: 0.074965472 | I10: 0.087721265 | J10: 0.10047706 | K10: Cycle
A11: EU-15 | B11: NMT - Walking | C11: 0.701434 | D11: 0.701434 | E11: 1.0751386 | F11: 1.4488431 | G11: 1.8225477 | H11: 2.1962523 | I11: 2.5699568 | J11: 2.9436614 | K11: Walk
A12: EU-15 | B12: road - 4W | C12: 1 | D12: 1 | E12: 0.98861729 | F12: 0.97723457 | G12: 0.96585186 | H12: 0.95446915 | I12: 0.94308643 | J12: 0.93170372 | K12: 4W
A13: EU-15 | B13: road - 2-3W | C13: 0.019504 | D13: 0.019504 | E13: 0.019281992 | F13: 0.019059983 | G13: 0.018837975 | H13: 0.018615966 | I13: 0.018393958 | J13: 0.018171949 | K13: 2W and 3W
A14: EU-15 | B14: road - bus | C14: 0.0526778 | D14: 0.0526778 | E14: 0.052078184 | F14: 0.051478567 | G14: 0.050878951 | H14: 0.050279335 | I14: 0.049679718 | J14: 0.049080102 | K14: Bus
A15: EU-15 | B15: trains - HSR | C15: 0.00240216 | D15: 0.00231968 | E15: 0.0024024016 | F15: 0.0024851232 | G15: 0.0025678447 | H15: 0.0026505663 | I15: 0.0027332879 | J15: 0.0028160095 | K15: HSR
A16: EU-15 | B16: trains - Pass Rail | C16: 0.0509634 | D16: 0.0509634 | E16: 0.052780794 | F16: 0.054598188 | G16: 0.056415583 | H16: 0.058232977 | I16: 0.060050371 | J16: 0.061867765 | K16: Passenger Rail
A17: EU-15 | B17: av - Dom Av | C17: 0.00807093 | D17: 0.00807093 | E17: 0.0068364622 | F17: 0.0056019944 | G17: 0.0043675266 | H17: 0.0031330588 | I17: 0.001898591 | J17: 0.00066412315 | K17: Domestic Aviation

Sheet TRN-PassKM-computation
A1: PASS KM COMPUTATION
A3: 1. Data from GCAM (LoadFactor + ModalShares Hscen)
A4: transport service output by mode
A5: scenario | B5: region | C5: sector | D5: mode | E5: 1990 | F5: 2005 | G5: 2010 | H5: 2015 | I5: 2020 | J5: 2025 | K5: 2030 | L5: 2035 | M5: 2040 | N5: 2045 | O5: 2050 | P5: 2065 | Q5: 2080 | R5: 2095 | S5: Units
A6: Calib_TRN_SW_PassKm_L4,date=2025-29-4T16:10:05+02:00 | B6: EU-12 | C6: trn_aviation_intl | D6: International Aviation | E6: 32280.9 | F6: 34737.6 | G6: 41232.1 | H6: 44763.7 | I6: 51257.6 | J6: 54355.7 | K6: 54468.1 | L6: 52524.83 | M6: 50595.193 | N6: 48871.348 | O6: 47373.902 | P6: 0 | Q6: 0 | R6: 0 | S6: million pass-km
A7: Calib_TRN_SW_PassKm_L4,date=2025-29-4T16:10:05+02:00 | B7: EU-12 | C7: trn_freight | D7: Domestic Ship | E7: 70700.7 | F7: 13111.1 | G7: 17363.7 | H7: 15470.5 | I7: 18041.241 | J7: 21699.21 | K7: 26581.7 | L7: 32867.588 | M7: 36574.069 | N7: 38500.135 | O7: 39965.439 | P7: 0 | Q7: 0 | R7: 0 | S7: million ton-km
A8: Calib_TRN_SW_PassKm_L4,date=2025-29-4T16:10:05+02:00 | B8: EU-12 | C8: trn_freight | D8: Freight Rail | E8: 262042.36 | F8: 198205.21 | G8: 175160.2 | H8: 164781.04 | I8: 183270.9 | J8: 203196.98 | K8: 200092.5 | L8: 178234.6 | M8: 171461.9 | N8: 175298.6 | O8: 181640.3 | P8: 0 | Q8: 0 | R8: 0 | S8: million ton-km
A9: Calib_TRN_SW_PassKm_L4,date=2025-29-4T16:10:05+02:00 | B9: EU-12 | C9: trn_freight | D9: road | E9: 263310 | F9: 397360 | G9: 479298 | H9: 494165 | I9: 545559 | J9: 614550 | K9: 689248 | L9: 758717 | M9: 810007 | N9: 842771 | O9: 867036 | P9: 0 | Q9: 0 | R9: 0 | S9: million ton-km
A10: Calib_TRN_SW_PassKm_L4,date=2025-29-4T16:10:05+02:00 | B10: EU-12 | C10: trn_freight_road | D10: Heavy truck | E10: 233530 | F10: 354422 | G10: 427651 | H10: 440708 | I10: 486592.3 | J10: 547743.78 | K10: 613777.26 | L10: 675406.31 | M10: 721078.49 | N10: 749996.44 | O10: 770801.15 | P10: 0 | Q10: 0 | R10: 0 | S10: million ton-km
A11: Calib_TRN_SW_PassKm_L4,date=2025-29-4T16:10:05+02:00 | B11: EU-12 | C11: trn_freight_road | D11: Light truck | E11: 6938.53 | F11: 8895.31 | G11: 10510.8 | H11: 10995.6 | I11: 12126.824 | J11: 13724.69 | K11: 15476.343 | L11: 17085.937 | M11: 18238.611 | N11: 18970.201 | O11: 19542.285 | P11: 0 | Q11: 0 | R11: 0 | S11: million ton-km
A12: Calib_TRN_SW_PassKm_L4,date=2025-29-4T16:10:05+02:00 | B12: EU-12 | C12: trn_freight_road | D12: Medium truck | E12: 22841.6 | F12: 34042.9 | G12: 41136.2 | H12: 42461.6 | I12: 46840.1 | J12: 53084.599 | K12: 60005.408 | L12: 66244.236 | M12: 70720.087 | N12: 73838.717 | O12: 76733.442 | P12: 0 | Q12: 0 | R12: 0 | S12: million ton-km
A13: Calib_TRN_SW_PassKm_L4,date=2025-29-4T16:10:05+02:00 | B13: EU-12 | C13: trn_pass | D13: Cycle | E13: 17265.8 | F13: 16531.9 | G13: 16277.9 | H13: 16023.9 | I13: 14530.5 | J13: 17633.6 | K13: 19646.3 | L13: 21256.8 | M13: 22765 | N13: 24068.1 | O13: 25173.3 | P13: 0 | Q13: 0 | R13: 0 | S13: million pass-km
A14: Calib_TRN_SW_PassKm_L4,date=2025-29-4T16:10:05+02:00 | B14: EU-12 | C14: trn_pass | D14: Domestic Aviation | E14: 5331.03 | F14: 5193.26 | G14: 5821.69 | H14: 6241.59 | I14: 7625.92 | J14: 8780.91 | K14: 8657.99 | L14: 7076.2335 | M14: 4989.4833 | N14: 2556.6157 | O14: 0 | P14: 0 | Q14: 0 | R14: 0 | S14: million pass-km
A15: Calib_TRN_SW_PassKm_L4,date=2025-29-4T16:10:05+02:00 | B15: EU-12 | C15: trn_pass | D15: HSR | E15: 0 | F15: 0 | G15: 0 | H15: 0 | I15: 327.275 | J15: 434.901 | K15: 533.245 | L15: 627.467 | M15: 720.683 | N15: 818.32 | O15: 922.421 | P15: 0 | Q15: 0 | R15: 0 | S15: million pass-km
A16: Calib_TRN_SW_PassKm_L4,date=2025-29-4T16:10:05+02:00 | B16: EU-12 | C16: trn_pass | D16: Passenger Rail | E16: 88848.87 | F16: 70151.4 | G16: 61930.3 | H16: 57839.1 | I16: 60895 | J16: 66567.2 | K16: 69288 | L16: 71116.6 | M16: 72137.3 | N16: 73040.6 | O16: 73855.1 | P16: 0 | Q16: 0 | R16: 0 | S16: million pass-km
... A45: Calib_TRN_SW_PassKm_L4,date=2025-29-4T16:10:05+02:00 | B45: EU-15 | C45: trn_shipping_intl | D45: International Ship | E45: 12346400 | F45: 18282500 | G45: 16574700 | H45: 14015900 | I45: 14055326 | J45: 14863190 | K45: 15443890 | L45: 16476190 | M45: 17196033 | N45: 17769063 | O45: 18336934 | P45: 0 | Q45: 0 | R45: 0 | S45: million ton-km
A47: income.elasticity
A48: region | B48: energy.final.demand | C48: 2020 | D48: 2025 | E48: 2030 | F48: 2035 | G48: 2040 | H48: 2045 | I48: 2050
A49: EU-12 | B49: trn_pass | C49: 1 | D49: 1 | E49: 1 | F49: 1 | G49: 1 | H49: 1 | I49: 1
A50: EU-12 | B50: trn_freight | C50: 0.75 | D50: 0.75 | E50: 0.75 | F50: 0.75 | G50: 0.75 | H50: 0.75 | I50: 0.75
A51: EU-12 | B51: trn_aviation_intl | C51: 1 | D51: 0.13131756 | E51: 0.13131756 | F51: 0.13131756 | G51: 0.13131756 | H51: 0.13131756 | I51: 0.13131756
A52: EU-12 | B52: trn_shipping_intl | C52: 0.4 | D52: 0.4 | E52: 0.4 | F52: 0.4 | G52: 0.4 | H52: 0.4 | I52: 0.4
A53: EU-15 | B53: trn_pass | C53: 1 | D53: 1 | E53: 1 | F53: 1 | G53: 1 | H53: 1 | I53: 1
A54: EU-15 | B54: trn_freight | C54: 0.75 | D54: 0.75 | E54: 0.75 | F54: 0.75 | G54: 0.75 | H54: 0.75 | I54: 0.75
A55: EU-15 | B55: trn_aviation_intl | C55: 1 | D55: -1.5077826 | E55: -1.5077826 | F55: -1.5077826 | G55: -1.5077826 | H55: -1.5077826 | I55: -1.5077826
A56: EU-15 | B56: trn_shipping_intl | C56: 0.4 | D56: 0.4 | E56: 0.4 | F56: 0.4 | G56: 0.4 | H56: 0.4 | I56: 0.4
A58: GOAL data
A59: mode | B59: GCAM_region_ID | C59: 2015 | D59: 2020 | E59: 2050 | F59: Unit
A60: DomAv | B60: 12 | C60: 2468.3278 | D60: 3893.7574 | E60: 0 | F60: pass million km/year
A61: DomAv | B61: 13 | C61: 82393.468 | D61: 84187.599 | E61: 18070.288 | F61: pass million km/year
A62: IntAv | B62: 12 | C62: 77602.589 | D62: 77506.716 | E62: 128866.04 | F62: pass million km/year
A63: IntAv | B63: 13 | C63: 928364.54 | D63: 928899.23 | E63: 496684.54 | F63: pass million km/year
A64: Pass - noAv - noNMT | B64: 12 | C64: 826410.93 | D64: 890626.88 | E64: 1124625.9 | F64: pass million km/year
A65: Pass - noAv - noNMT | B65: 13 | C65: 4253237.3 | D65: 4483839.2 | E65: 3974912.3 | F65: pass million km/year
A66: TOTAL pass | B66: 12 | C66: =C60+C64 -> 828879.26 | D66: =D60+D64 -> 894520.64 | E66: =E60+E64 -> 1124625.9 | F66: pass million km/year
A67: TOTAL pass | B67: 13 | C67: =C61+C65 -> 4335630.8 | D67: =D61+D65 -> 4568026.8 | E67: =E61+E65 -> 3992982.6 | F67: pass million km/year
A69: 2. COMPUTATION Pass km - income elasticity
A70: GCAM data | B70: 2015 | C70: 2020 | D70: 2050 | E70: porcentual change with respect 2015 | G70: Factor computation | J70: 2015 | K70: 2020 | L70: 2025 | M70: 2030 | N70: 2035 | O70: 2040 | P70: 2045 | Q70: 2050
A71: Service Output | E71: GCAM data | F71: GOAL data | G71: Target diff | H71: Target diff accounting for GDP | I71: Income Elasticity
A72: EU-12 | F72: NOTE: HALF percentage | I72: EU-12
A73: NMT | B73: =H13+H17 -> 64096.7 | C73: =I13+I17 -> 58122.7 | D73: =O13+O17 -> 100694.6 | E73: =(D73-B73)/B73 -> 0.57097947
A74: Dom Av | B74: =H14 -> 6241.59 | C74: =I14 -> 7625.92 | D74: =O14 -> 0 | E74: =(D74-B74)/B74 -> -1 | F74: =(E60-C60)/C60 * 0.5 -> -0.5 | G74: =F74/E74 -> 0.5 | H74: =G74/$E$85 -> 0.49329069 | I74: Dom Av | J74: =C49 -> 1 | K74: =D49 -> 1 | L74: =$H$74 -> 0.49329069 | M74: =$H$74 -> 0.49329069 | N74: =$H$74 -> 0.49329069 | O74: =$H$74 -> 0.49329069 | P74: =$H$74 -> 0.49329069 | Q74: =$H$74 -> 0.49329069
A75: Pass - noAv - noNMT | B75: =H15+H16+H18 -> 1184389.1 | C75: =I15+I16+I18 -> 1266312.3 | D75: =O15+O16+O18 -> 1199167.5 | E75: =(D75-B75)/B75 -> 0.012477674 | F75: =(E64-C64)/C64* 0.5 -> 0.18042778 | G75: =F75/E75 -> 14.460049 | H75: =G75/$E$85 -> 14.266015 | I75: Pass - noAv - noNMT | J75: =C49 -> 1 | K75: =D49 -> 1 | L75: =$H$75 -> 14.266015 | M75: =$H$75 -> 14.266015 | N75: =$H$75 -> 14.266015 | O75: =$H$75 -> 14.266015 | P75: =$H$75 -> 14.266015 | Q75: =$H$75 -> 14.266015
A76: Total pass | B76: =SUM(B73:B75) -> 1254727.4 | C76: =SUM(C73:C75) -> 1332060.9 | D76: =SUM(D73:D75) -> 1299862.1 | E76: =(D76-B76)/B76 -> 0.035971743 | F76: =(E66-C66)/C66* 0.5 -> 0.17840153 | G76: =F76/E76 -> 4.9594908 | H76: =G76/$E$85 -> 4.8929413 | I76: Total pass | J76: =C49 -> 1 | K76: =D49 -> 1 | L76: 1.22 | M76: 1.22 | N76: 1.22 | O76: 1.22 | P76: 1.22 | Q76: 1.22
A78: EU-15 | I78: EU-15
A79: NMT | B79: =H33+H37 -> 153602.6 | C79: =I33+I37 -> 154905.2 | D79: =O33+O37 -> 376290.8
A80: Dom Av | B80: =H34 -> 277139 | C80: =I34 -> 289011 | D80: =O34 -> 33838.72 | E80: =(D80-B80)/B80 -> -0.87789983 | F80: =(E61-C61)/C61* 0.5 -> -0.3903415 | G80: =F80/E80 -> 0.44463103 | H80: =G80/$E$86 -> 0.69826091 | I80: Dom Av | J80: =C53 -> 1 | K80: =D53 -> 1 | L80: =$H$80 -> 0.69826091 | M80: =$H$80 -> 0.69826091 | N80: =$H$80 -> 0.69826091 | O80: =$H$80 -> 0.69826091 | P80: =$H$80 -> 0.69826091 | Q80: =$H$80 -> 0.69826091
A81: Pass - noAv - noNMT | B81: =H35+H36+H38 -> 5842620.6 | C81: =I35+I36+I38 -> 5939680 | D81: =O35+O36+O38 -> 5234516.3 | E81: =(D81-B81)/B81 -> -0.10408074 | F81: =(E65-C65)/C65* 0.5 -> -0.032719199 | G81: =F81/E81 -> 0.31436362 | H81: =G81/$E$86 -> 0.49368535 | I81: Pass - noAv - noNMT | J81: =C53 -> 1 | K81: =D53 -> 1 | L81: =$H$81 -> 0.49368535 | M81: =$H$81 -> 0.49368535 | N81: =$H$81 -> 0.49368535 | O81: =$H$81 -> 0.49368535 | P81: =$H$81 -> 0.49368535 | Q81: =$H$81 -> 0.49368535
A82: Total pass | B82: =SUM(B79:B81) -> 6273362.2 | C82: =SUM(C79:C81) -> 6383596.2 | D82: =SUM(D79:D81) -> 5644645.8 | E82: =(D82-B82)/B82 -> -0.10022 | F82: =(E67-C67)/C67* 0.5 -> -0.039515383 | G82: =F82/E82 -> 0.39428639 | H82: =G82/$E$86 -> 0.61919828 | I82: Total pass | J82: =C53 -> 1 | K82: =D53 -> 1 | L82: 1.13 | M82: 1.13 | N82: 1.13 | O82: 1.13 | P82: 1.13 | Q82: 1.13
A84: GDP - million 1990$
A85: EU-12 | B85: 803610 | C85: 915374 | D85: 1618150 | E85: =(D85-B85)/B85 -> 1.0136011
A86: EU-15 | B86: 7428720 | C86: 7548350 | D86: 12159100 | E86: =(D86-B86)/B86 -> 0.63676919
G87: REF | H87: EU-12 | I87: 1 | J87: =F76 -> 0.17840153
G88: REF | H88: EU-15 | I88: 1 | J88: =F82 -> -0.039515383
G89: PassKm_L5 | H89: EU-12 | I89: 1.22 | J89: 0.16507463
G90: PassKm_L5 | H90: EU-15 | I90: 1.2 | J90: -0.012095201
G91: PassKm_L6 | H91: EU-12 | I91: 1.22
G92: PassKm_L6 | H92: EU-15 | I92: 1.13

Sheet TRN-PassKM-values
A1: region | B1: mode | C1: {='TRN-PassKM-computation'!J70:Q70} -> 2015 | D1: 2020 | E1: 2025 | F1: 2030 | G1: 2035 | H1: 2040 | I1: 2045 | J1: 2050 | K1: energy.final.demand
A2: EU-12 | B2: {='TRN-PassKM-computation'!I76:Q76} -> Total pass | C2: 1 | D2: 1 | E2: 1.22 | F2: 1.22 | G2: 1.22 | H2: 1.22 | I2: 1.22 | J2: 1.22 | K2: trn_pass
A3: EU-15 | B3: {='TRN-PassKM-computation'!I82:Q82} -> Total pass | C3: 1 | D3: 1 | E3: 1.13 | F3: 1.13 | G3: 1.13 | H3: 1.13 | I3: 1.13 | J3: 1.13 | K3: trn_pass

Sheet TRN-CHECK
A1: CHECK
A3: 1. Data from GCAM (LoadFactor Hscen)
A4: transport service output by mode
A5: scenario | B5: region | C5: sector | D5: mode | E5: 1990 | F5: 2005 | G5: 2010 | H5: 2015 | I5: 2020 | J5: 2025 | K5: 2030 | L5: 2035 | M5: 2040 | N5: 2045 | O5: 2050 | P5: 2065 | Q5: 2080 | R5: 2095 | S5: Units
A6: Calib_TRN_SW_PassKm_L6,date=2025-30-4T11:05:45+02:00 | B6: EU-12 | C6: trn_aviation_intl | D6: International Aviation | E6: 32280.9 | F6: 34737.6 | G6: 41232.1 | H6: 44763.7 | I6: 51257.6 | J6: 54351 | K6: 54459.5 | L6: 52515.23 | M6: 50584.693 | N6: 48862.951 | O6: 47367.312 | P6: 0 | Q6: 0 | R6: 0 | S6: million pass-km
A7: Calib_TRN_SW_PassKm_L6,date=2025-30-4T11:05:45+02:00 | B7: EU-12 | C7: trn_freight | D7: Domestic Ship | E7: 70700.7 | F7: 13111.1 | G7: 17363.7 | H7: 15470.5 | I7: 18041.241 | J7: 21689.36 | K7: 26558 | L7: 32830.506 | M7: 36525.109 | N7: 38456.112 | O7: 39927.394 | P7: 0 | Q7: 0 | R7: 0 | S7: million ton-km
A8: Calib_TRN_SW_PassKm_L6,date=2025-30-4T11:05:45+02:00 | B8: EU-12 | C8: trn_freight | D8: Freight Rail | E8: 262042.36 | F8: 198205.21 | G8: 175160.2 | H8: 164781.04 | I8: 183270.9 | J8: 203212.93 | K8: 200123.8 | L8: 178271.1 | M8: 171502.3 | N8: 175332.7 | O8: 181666.7 | P8: 0 | Q8: 0 | R8: 0 | S8: million ton-km
A9: Calib_TRN_SW_PassKm_L6,date=2025-30-4T11:05:45+02:00 | B9: EU-12 | C9: trn_freight | D9: road | E9: 263310 | F9: 397360 | G9: 479298 | H9: 494165 | I9: 545559 | J9: 614501 | K9: 689142 | L9: 758575 | M9: 809834 | N9: 842620 | O9: 866909 | P9: 0 | Q9: 0 | R9: 0 | S9: million ton-km
A10: Calib_TRN_SW_PassKm_L6,date=2025-30-4T11:05:45+02:00 | B10: EU-12 | C10: trn_freight_road | D10: Heavy truck | E10: 233530 | F10: 354422 | G10: 427651 | H10: 440708 | I10: 486592.3 | J10: 547699.88 | K10: 613677.61 | L10: 675272.73 | M10: 720913.21 | N10: 749851.47 | O10: 770677.61 | P10: 0 | Q10: 0 | R10: 0 | S10: million ton-km
A11: Calib_TRN_SW_PassKm_L6,date=2025-30-4T11:05:45+02:00 | B11: EU-12 | C11: trn_freight_road | D11: Light truck | E11: 6938.53 | F11: 8895.31 | G11: 10510.8 | H11: 10995.6 | I11: 12126.824 | J11: 13723.918 | K11: 15475.033 | L11: 17085.022 | M11: 18237.84 | N11: 18970.31 | O11: 19542.803 | P11: 0 | Q11: 0 | R11: 0 | S11: million ton-km
A12: Calib_TRN_SW_PassKm_L6,date=2025-30-4T11:05:45+02:00 | B12: EU-12 | C12: trn_freight_road | D12: Medium truck | E12: 22841.6 | F12: 34042.9 | G12: 41136.2 | H12: 42461.6 | I12: 46840.1 | J12: 53081.259 | K12: 59998.79 | L12: 66237.685 | M12: 70713.437 | N12: 73835.338 | O12: 76732.349 | P12: 0 | Q12: 0 | R12: 0 | S12: million ton-km
A13: Calib_TRN_SW_PassKm_L6,date=2025-30-4T11:05:45+02:00 | B13: EU-12 | C13: trn_pass | D13: Cycle | E13: 17265.8 | F13: 16531.9 | G13: 16277.9 | H13: 16023.9 | I13: 14530.5 | J13: 18177.7 | K13: 20802.5 | L13: 22976.3 | M13: 25016.2 | N13: 26783.9 | O13: 28311.1 | P13: 0 | Q13: 0 | R13: 0 | S13: million pass-km
A14: Calib_TRN_SW_PassKm_L6,date=2025-30-4T11:05:45+02:00 | B14: EU-12 | C14: trn_pass | D14: Domestic Aviation | E14: 5331.03 | F14: 5193.26 | G14: 5821.69 | H14: 6241.59 | I14: 7625.92 | J14: 9050.08 | K14: 9164.2 | L14: 7645.423 | M14: 5480.2413 | N14: 2843.9648 | O14: 0 | P14: 0 | Q14: 0 | R14: 0 | S14: million pass-km
A15: Calib_TRN_SW_PassKm_L6,date=2025-30-4T11:05:45+02:00 | B15: EU-12 | C15: trn_pass | D15: HSR | E15: 0 | F15: 0 | G15: 0 | H15: 0 | I15: 327.275 | J15: 448.318 | K15: 564.616 | L15: 678.204 | M15: 791.918 | N15: 910.621 | O15: 1037.35 | P15: 0 | Q15: 0 | R15: 0 | S15: million pass-km
A16: Calib_TRN_SW_PassKm_L6,date=2025-30-4T11:05:45+02:00 | B16: EU-12 | C16: trn_pass | D16: Passenger Rail | E16: 88848.87 | F16: 70151.4 | G16: 61930.3 | H16: 57839.1 | I16: 60895 | J16: 68620.1 | K16: 73363.2 | L16: 76866.1 | M16: 79267 | N16: 81278.9 | O16: 83057.8 | P16: 0 | Q16: 0 | R16: 0 | S16: million pass-km
... A45: Calib_TRN_SW_PassKm_L6,date=2025-30-4T11:05:45+02:00 | B45: EU-15 | C45: trn_shipping_intl | D45: International Ship | E45: 12346400 | F45: 18282500 | G45: 16574700 | H45: 14015900 | I45: 14055326 | J45: 14861890 | K45: 15441120 | L45: 16473214 | M45: 17193023 | N45: 17765846 | O45: 18334758 | P45: 0 | Q45: 0 | R45: 0 | S45: million ton-km
A47: transport subsector share-weights
A48: scenario | B48: region | C48: sector | D48: subsector | E48: 1990 | F48: 2005 | G48: 2010 | H48: 2015 | I48: 2020 | J48: 2025 | K48: 2030 | L48: 2035 | M48: 2040 | N48: 2045 | O48: 2050 | P48: 2055 | Q48: 2060 | R48: 2065 | S48: 2070 | T48: 2075 | U48: 2080 | V48: 2085 | W48: 2090 | X48: 2095 | Y48: 2100 | Z48: Units
A49: Calib_TRN_Modes_IntAvANDsw,date=2025-25-4T09:02:15+02:00 | B49: EU-12 | C49: trn_aviation_intl | D49: International Aviation | E49: 1 | F49: 1 | G49: 1 | H49: 1 | I49: 1 | J49: 1 | K49: 1 | L49: 1 | M49: 1 | N49: 1 | O49: 1 | P49: 1 | Q49: 1 | R49: 1 | S49: 1 | T49: 1 | U49: 1 | V49: 1 | W49: 1 | X49: 1 | Y49: 1 | Z49: none
A50: Calib_TRN_Modes_IntAvANDsw,date=2025-25-4T09:02:15+02:00 | B50: EU-12 | C50: trn_freight | D50: Domestic Ship | E50: 0.000795575 | F50: 0.000114108 | G50: 0.000240711 | H50: 0.000229626 | I50: 0.000229626 | J50: 0.000229626 | K50: 0.000229626 | L50: 0.000229626 | M50: 0.000229626 | N50: 0.000229626 | O50: 0.000229626 | P50: 0.000229626 | Q50: 0.000229626 | R50: 0.000229626 | S50: 0.000229626 | T50: 0.000229626 | U50: 0.000229626 | V50: 0.000229626 | W50: 0.000229626 | X50: 0.000229626 | Y50: 0.000229626 | Z50: none
A51: Calib_TRN_Modes_IntAvANDsw,date=2025-25-4T09:02:15+02:00 | B51: EU-12 | C51: trn_freight | D51: Freight Rail | E51: 0.201544 | F51: 0.110995 | G51: 0.0710973 | H51: 0.062487 | I51: 0.062487 | J51: 0.062487 | K51: 0.062487 | L51: 0.062487 | M51: 0.062487 | N51: 0.062487 | O51: 0.062487 | P51: 0.062487 | Q51: 0.062487 | R51: 0.062487 | S51: 0.062487 | T51: 0.062487 | U51: 0.062487 | V51: 0.062487 | W51: 0.062487 | X51: 0.062487 | Y51: 0.062487 | Z51: none
A52: Calib_TRN_Modes_IntAvANDsw,date=2025-25-4T09:02:15+02:00 | B52: EU-12 | C52: trn_freight | D52: road | E52: 1 | F52: 1 | G52: 1 | H52: 1 | I52: 1 | J52: 1 | K52: 1 | L52: 1 | M52: 1 | N52: 1 | O52: 1 | P52: 1 | Q52: 1 | R52: 1 | S52: 1 | T52: 1 | U52: 1 | V52: 1 | W52: 1 | X52: 1 | Y52: 1 | Z52: none
A53: Calib_TRN_Modes_IntAvANDsw,date=2025-25-4T09:02:15+02:00 | B53: EU-12 | C53: trn_freight_road | D53: Heavy truck | E53: 1 | F53: 1 | G53: 1 | H53: 1 | I53: 1 | J53: 1 | K53: 1 | L53: 1 | M53: 1 | N53: 1 | O53: 1 | P53: 1 | Q53: 1 | R53: 1 | S53: 1 | T53: 1 | U53: 1 | V53: 1 | W53: 1 | X53: 1 | Y53: 1 | Z53: none
A54: Calib_TRN_Modes_IntAvANDsw,date=2025-25-4T09:02:15+02:00 | B54: EU-12 | C54: trn_freight_road | D54: Light truck | E54: 0.388042 | F54: 0.326507 | G54: 0.295752 | H54: 0.295565 | I54: 0.295565 | J54: 0.295565 | K54: 0.295565 | L54: 0.295565 | M54: 0.295565 | N54: 0.295565 | O54: 0.295565 | P54: 0.295565 | Q54: 0.295565 | R54: 0.295565 | S54: 0.295565 | T54: 0.295565 | U54: 0.295565 | V54: 0.295565 | W54: 0.295565 | X54: 0.295565 | Y54: 0.295565 | Z54: none
A55: Calib_TRN_Modes_IntAvANDsw,date=2025-25-4T09:02:15+02:00 | B55: EU-12 | C55: trn_freight_road | D55: Medium truck | E55: 0.499758 | F55: 0.488309 | G55: 0.461901 | H55: 0.457693 | I55: 0.457693 | J55: 0.457693 | K55: 0.457693 | L55: 0.457693 | M55: 0.457693 | N55: 0.457693 | O55: 0.457693 | P55: 0.457693 | Q55: 0.457693 | R55: 0.457693 | S55: 0.457693 | T55: 0.457693 | U55: 0.457693 | V55: 0.457693 | W55: 0.457693 | X55: 0.457693 | Y55: 0.457693 | Z55: none
A56: Calib_TRN_Modes_IntAvANDsw,date=2025-25-4T09:02:15+02:00 | B56: EU-12 | C56: trn_pass | D56: Cycle | E56: 0.0150988 | F56: 0.0140179 | G56: 0.0128294 | H56: 0.0137751 | I56: 0.0137751 | J56: 0.0194979 | K56: 0.0252206 | L56: 0.0309434 | M56: 0.0366661 | N56: 0.0423889 | O56: 0.0481116 | P56: 1 | Q56: 1 | R56: 1 | S56: 1 | T56: 1 | U56: 1 | V56: 1 | W56: 1 | X56: 1 | Y56: 1 | Z56: none
A57: Calib_TRN_Modes_IntAvANDsw,date=2025-25-4T09:02:15+02:00 | B57: EU-12 | C57: trn_pass | D57: Domestic Aviation | E57: 0.00257035 | F57: 0.00157745 | G57: 0.0015847 | H57: 0.00149513 | I57: 0.00149513 | J57: 0.00124594 | K57: 0.000996753 | L57: 0.000747565 | M57: 0.000498377 | N57: 0.000249188 | O57: 0 | P57: 1 | Q57: 1 | R57: 1 | S57: 1 | T57: 1 | U57: 1 | V57: 1 | W57: 1 | X57: 1 | Y57: 1 | Z57: none
A58: Calib_TRN_Modes_IntAvANDsw,date=2025-25-4T09:02:15+02:00 | B58: EU-12 | C58: trn_pass | D58: HSR | E58: 0 | F58: 0 | G58: 0 | H58: 0 | I58: 5.88235e-05 | J58: 7.0399e-05 | K58: 8.19745e-05 | L58: 9.355e-05 | M58: 0.000105126 | N58: 0.000116701 | O58: 0.000128277 | P58: 0.001 | Q58: 0.001 | R58: 0.001 | S58: 0.001 | T58: 0.001 | U58: 0.001 | V58: 0.001 | W58: 0.001 | X58: 0.001 | Y58: 0.001 | Z58: none
A59: Calib_TRN_Modes_IntAvANDsw,date=2025-25-4T09:02:15+02:00 | B59: EU-12 | C59: trn_pass | D59: Passenger Rail | E59: 0.0353507 | F59: 0.020358 | G59: 0.0147021 | H59: 0.0132408 | I59: 0.0132408 | J59: 0.0158464 | K59: 0.0184519 | L59: 0.0210575 | M59: 0.0236631 | N59: 0.0262687 | O59: 0.0288742 | P59: 1 | Q59: 1 | R59: 1 | S59: 1 | T59: 1 | U59: 1 | V59: 1 | W59: 1 | X59: 1 | Y59: 1 | Z59: none
... A88: Calib_TRN_Modes_IntAvANDsw,date=2025-25-4T09:02:15+02:00 | B88: EU-15 | C88: trn_shipping_intl | D88: International Ship | E88: 1 | F88: 1 | G88: 1 | H88: 1 | I88: 1 | J88: 1 | K88: 1 | L88: 1 | M88: 1 | N88: 1 | O88: 1 | P88: 1 | Q88: 1 | R88: 1 | S88: 1 | T88: 1 | U88: 1 | V88: 1 | W88: 1 | X88: 1 | Y88: 1 | Z88: none
A92: 2. GOAL DATA
A93: GCAM_region_ID | B93: mode | C93: 2015 | D93: 2020 | E93: 2050 | F93: unit | H93: mode | I93: GCAM_region_ID | J93: 2015 | K93: 2020 | L93: 2050 | M93: Unit
A94: 12 | B94: NMT | C94: 0.071471429 | D94: 0.072092857 | E94: 0.07085 | F94: perc | H94: international aviation | I94: 12 | J94: 26465.103 | K94: 25082.175 | L94: 30046.097 | M94: pass km/year
A95: 12 | B95: domestic aviation | C95: 0.0022428571 | D95: 0.0031 | E95: 0 | F95: perc | H95: international aviation | I95: 13 | J95: 50618.2 | K95: 48798.193 | L95: 20356.115 | M95: pass km/year
A96: 12 | B96: international aviation | C96: 0.13205714 | D96: 0.12391429 | E96: 0.14175714 | F96: perc | H96: total | I96: 12 | J96: 145263.64 | K96: 155496.28 | L96: 181455.61 | M96: pass km/year
A97: 12 | B97: road (bus + LDV) | C97: 0.74164286 | D97: 0.75114286 | E97: 0.69492143 | F97: perc | H97: total | I97: 13 | J97: 229105.25 | K97: 231963.82 | L97: 183841.65 | M97: pass km/year
A98: 12 | B98: trains | C98: 0.05255 | D98: 0.04975 | E98: 0.092471429 | F98: perc
A99: 13 | B99: NMT | C99: 0.047592857 | D99: 0.047857143 | E99: 0.087585714 | F99: perc | H99: porcentual change with respect 2015
A100: 13 | B100: domestic aviation | C100: 0.0121 | D100: 0.01165 | E100: 0.0039591214 | F100: perc | H100: int av | I100: 12 | L100: =(L94-J94)/J94*0.5 -> 0.067655031
A101: 13 | B101: international aviation | C101: 0.20178571 | D101: 0.19475 | E101: 0.10266429 | F101: perc | H101: int av | I101: 13 | L101: =(L95-J95)/J95*0.5 -> -0.29892494
A102: 13 | B102: road (bus + LDV) | C102: 0.67687857 | D102: 0.68233571 | E102: 0.66785 | F102: perc
A103: 13 | B103: trains | C103: 0.061621429 | D103: 0.0634 | E103: 0.13797143 | F103: perc
A106: 4. Rescale modes (not considering international aviation)
A107: GCAM_region_ID | B107: mode | C107: year | D107: value-rescaled | E107: unit
A108: 12 | B108: NMT | C108: 2015 | D108: 0.082349165 | E108: perc
A109: 12 | B109: domestic aviation | C109: 2015 | D109: 0.0025842133 | E109: perc
A110: 12 | B110: road (bus + LDV) | C110: 2015 | D110: 0.85451867 | E110: perc
A111: 12 | B111: trains | C111: 2015 | D111: 0.060547952 | E111: perc
A112: 12 | B112: NMT | C112: 2020 | D112: 0.08228973 | E112: perc
A113: 12 | B113: domestic aviation | C113: 2020 | D113: 0.0035384666 | E113: perc
A114: 12 | B114: road (bus + LDV) | C114: 2020 | D114: 0.85738512 | E114: perc
A115: 12 | B115: trains | C115: 2020 | D115: 0.056786681 | E115: perc
A116: 12 | B116: NMT | C116: 2050 | D116: 0.082552391 | E116: perc
A117: 12 | B117: domestic aviation | C117: 2050 | D117: 0 | E117: perc
A118: 12 | B118: road (bus + LDV) | C118: 2050 | D118: 0.80970255 | E118: perc
A119: 12 | B119: trains | C119: 2050 | D119: 0.10774506 | E119: perc
... A131: 13 | B131: trains | C131: 2050 | D131: 0.15375152 | E131: perc
A134: 5. COMPUTATION: Int Av income elasticity
A136: GCAM data | B136: 2015 | C136: 2020 | D136: 2050 | E136: porcentual change with respect 2015 | G136: Factor computation | J136: 2015 | K136: 2020 | L136: 2025 | M136: 2030 | N136: 2035 | O136: 2040 | P136: 2045 | Q136: 2050
A137: Service Output | E137: GCAM data | F137: GOAL data | G137: Target diff | H137: Target diff accounting for GDP | I137: Income Elasticity
A138: EU-12 | I138: EU-12 | J138: 1 | K138: 1 | L138: =$H$139 -> 1.1475792 | M138: =$H$139 -> 1.1475792 | N138: =$H$139 -> 1.1475792 | O138: =$H$139 -> 1.1475792 | P138: =$H$139 -> 1.1475792 | Q138: =$H$139 -> 1.1475792
A139: Int Av | B139: =H6 -> 44763.7 | C139: =I6 -> 51257.6 | D139: =O6 -> 47367.312 | E139: =(D139-B139)/B139 -> 0.058163477 | F139: =L100 -> 0.067655031 | G139: =F139/E139 -> 1.1631875 | H139: =G139/E147 -> 1.1475792
A140: Total | B140: =H13+H14+H15+H16+H18+H19+H21+H22 -> 2333204.1 | C140: =I13+I14+I15+I16+I18+I19+I21+I22 -> 2493554.8 | D140: =O13+O14+O15+O16+O18+O19+O21+O22 -> 2641425.8
A142: EU-15 | I142: EU-15 | J142: 1 | K142: 1 | L142: =$H$143 -> 1.6492998 | M142: =$H$143 -> 1.6492998 | N142: =$H$143 -> 1.6492998 | O142: =$H$143 -> 1.6492998 | P142: =$H$143 -> 1.6492998 | Q142: =$H$143 -> 1.6492998
A143: Int Av | B143: =H26 -> 399505 | C143: =I26 -> 411222 | D143: =O26 -> 285793.94 | E143: =(D143-B143)/B143 -> -0.28462989 | F143: =L101 -> -0.29892494 | G143: =F143/E143 -> 1.0502233 | H143: =G143/E148 -> 1.6492998
A144: Total | B144: =H33+H34+H35+H36+H38+H39+H41+H42 -> 11615906 | C144: =I33+I34+I35+I36+I38+I39+I41+I42 -> 11813568 | D144: =O33+O34+O35+O36+O38+O39+O41+O42 -> 10785142
A146: GDP - million 1990$
A147: EU-12 | B147: 803610 | C147: 915374 | D147: 1618150 | E147: =(D147-B147)/B147 -> 1.0136011
A148: EU-15 | B148: 7428720 | C148: 7548350 | D148: 12159100 | E148: =(D148-B148)/B148 -> 0.63676919
A152: 6. COMPUTATION: Trn modes - share weights
P153: 0 | Q153: 1 | R153: 2 | S153: 3 | T153: 4 | U153: 5 | V153: 6
A154: GCAM data | B154: 2015 | C154: 2020 | D154: 2025 | E154: 2030 | F154: 2035 | G154: 2040 | H154: 2045 | I154: 2050 | J154: porcentual change with respect 2015 | L154: Factor computation | O154: 2015 | P154: 2020 | Q154: 2025 | R154: 2030 | S154: 2035 | T154: 2040 | U154: 2045 | V154: 2050 | W154: check
A155: Service Output | J155: GCAM data | K155: GOAL data | L155: Target diff | N155: Share Weights
A156: EU-12 | N156: EU-12
A157: NMT - Cycling | B157: =H13 -> 16023.9 | C157: =I13 -> 14530.5 | D157: =J13 -> 18177.7 | E157: =K13 -> 20802.5 | F157: =L13 -> 22976.3 | G157: =M13 -> 25016.2 | H157: =N13 -> 26783.9 | I157: =O13 -> 28311.1 | N157: NMT - Cycling | O157: =H56 -> 0.0137751 | P157: =I56 -> 0.0137751 | Q157: =$P157+($P157*$L166-$P157)*Q153/$V$153 -> 0.013951308 | R157: =$P157+($P157*$L166-$P157)*R153/$V$153 -> 0.014127517 | S157: =$P157+($P157*$L166-$P157)*S153/$V$153 -> 0.014303725 | T157: =$P157+($P157*$L166-$P157)*T153/$V$153 -> 0.014479934 | U157: =$P157+($P157*$L166-$P157)*U153/$V$153 -> 0.014656142 | V157: =$P157+($P157*$L166-$P157)*V153/$V$153 -> 0.014832351 | W157: =V157/P157 -> 1.0767509
A158: NMT - Walking | B158: =H17 -> 48072.8 | C158: =I17 -> 43592.2 | D158: =J17 -> 54534.1 | E158: =K17 -> 62408.7 | F158: =L17 -> 68930.2 | G158: =M17 -> 75050.1 | H158: =N17 -> 80353.1 | I158: =O17 -> 84935 | N158: NMT - Walking | O158: =H60 -> 0.403575 | P158: =I60 -> 0.403575 | Q158: =$P158+($P158*$L166-$P158)*Q153/$V$153 -> 0.40873746 | R158: =$P158+($P158*$L166-$P158)*R153/$V$153 -> 0.41389991 | S158: =$P158+($P158*$L166-$P158)*S153/$V$153 -> 0.41906237 | T158: =$P158+($P158*$L166-$P158)*T153/$V$153 -> 0.42422482 | U158: =$P158+($P158*$L166-$P158)*U153/$V$153 -> 0.42938728 | V158: =$P158+($P158*$L166-$P158)*V153/$V$153 -> 0.43454973 | W158: =V158/P158 -> 1.0767509
A159: road - 4W | B159: =H22 -> 841165 | C159: =I22 -> 902927 | D159: =J22 -> 967641 | E159: =K22 -> 1018400 | F159: =L22 -> 1041590 | G159: =M22 -> 1016810 | H159: =N22 -> 985258 | I159: =O22 -> 951555 | N159: road - 4W | O159: =H65 -> 1 | P159: =I65 -> 1 | Q159: =$P159+($P159*$L167-$P159)*Q153/$V$153 -> 0.99314752 | R159: =$P159+($P159*$L167-$P159)*R153/$V$153 -> 0.98629505 | S159: =$P159+($P159*$L167-$P159)*S153/$V$153 -> 0.97944257 | T159: =$P159+($P159*$L167-$P159)*T153/$V$153 -> 0.97259009 | U159: =$P159+($P159*$L167-$P159)*U153/$V$153 -> 0.96573761 | V159: =$P159+($P159*$L167-$P159)*V153/$V$153 -> 0.95888514 | W159: =V159/P159 -> 0.95888514
A160: road - 2-3W | B160: =H21 -> 40976.7 | C160: =I21 -> 40870.8 | D160: =J21 -> 41472.8 | E160: =K21 -> 39315.8 | F160: =L21 -> 36763.5 | G160: =M21 -> 34315.4 | H160: =N21 -> 32151.8 | I160: =O21 -> 30164.4 | N160: road - 2-3W | O160: =H64 -> 0.012729 | P160: =I64 -> 0.012729 | Q160: =$P160+($P160*$L167-$P160)*Q153/$V$153 -> 0.012641775 | R160: =$P160+($P160*$L167-$P160)*R153/$V$153 -> 0.01255455 | S160: =$P160+($P160*$L167-$P160)*S153/$V$153 -> 0.012467324 | T160: =$P160+($P160*$L167-$P160)*T153/$V$153 -> 0.012380099 | U160: =$P160+($P160*$L167-$P160)*U153/$V$153 -> 0.012292874 | V160: =$P160+($P160*$L167-$P160)*V153/$V$153 -> 0.012205649 | W160: =V160/P160 -> 0.95888514
A161: road - bus | B161: =H19 -> 244407.8 | C161: =I19 -> 261288.35 | D161: =J19 -> 280442.97 | E161: =K19 -> 280663.65 | F161: =L19 -> 280176.94 | G161: =M19 -> 279727 | H161: =N19 -> 279907.58 | I161: =O19 -> 282790.17 | N161: road - bus | O161: =H62 -> 0.388134 | P161: =I62 -> 0.388134 | Q161: =$P161+($P161*$L167-$P161)*Q153/$V$153 -> 0.38547432 | R161: =$P161+($P161*$L167-$P161)*R153/$V$153 -> 0.38281464 | S161: =$P161+($P161*$L167-$P161)*S153/$V$153 -> 0.38015496 | T161: =$P161+($P161*$L167-$P161)*T153/$V$153 -> 0.37749528 | U161: =$P161+($P161*$L167-$P161)*U153/$V$153 -> 0.3748356 | V161: =$P161+($P161*$L167-$P161)*V153/$V$153 -> 0.37217592 | W161: =V161/P161 -> 0.95888514
A162: trains - HSR | B162: =H15 -> 0 | C162: =I15 -> 327.275 | D162: =J15 -> 448.318 | E162: =K15 -> 564.616 | F162: =L15 -> 678.204 | G162: =M15 -> 791.918 | H162: =N15 -> 910.621 | I162: =O15 -> 1037.35 | N162: trains - HSR | O162: =H58 -> 0 | P162: =I58 -> 5.88235e-05 | Q162: =$P162+($P162*$L168-$P162)*Q153/$V$153 -> 6.0356083e-05 | R162: =$P162+($P162*$L168-$P162)*R153/$V$153 -> 6.1888666e-05 | S162: =$P162+($P162*$L168-$P162)*S153/$V$153 -> 6.3421249e-05 | T162: =$P162+($P162*$L168-$P162)*T153/$V$153 -> 6.4953833e-05 | U162: =$P162+($P162*$L168-$P162)*U153/$V$153 -> 6.6486416e-05 | V162: =$P162+($P162*$L168-$P162)*V153/$V$153 -> 6.8018999e-05 | W162: =V162/P162 -> 1.1563236
A163: trains - Pass Rail | B163: =H16 -> 57839.1 | C163: =I16 -> 60895 | D163: =J16 -> 68620.1 | E163: =K16 -> 73363.2 | F163: =L16 -> 76866.1 | G163: =M16 -> 79267 | H163: =N16 -> 81278.9 | I163: =O16 -> 83057.8 | N163: trains - Pass Rail | O163: =H59 -> 0.0132408 | P163: =I59 -> 0.0132408 | Q163: =$P163+($P163*$L168-$P163)*Q153/$V$153 -> 0.013585775 | R163: =$P163+($P163*$L168-$P163)*R153/$V$153 -> 0.01393075 | S163: =$P163+($P163*$L168-$P163)*S153/$V$153 -> 0.014275725 | T163: =$P163+($P163*$L168-$P163)*T153/$V$153 -> 0.014620699 | U163: =$P163+($P163*$L168-$P163)*U153/$V$153 -> 0.014965674 | V163: =$P163+($P163*$L168-$P163)*V153/$V$153 -> 0.015310649 | W163: =V163/P163 -> 1.1563236
A164: av - Dom Av | B164: =H14 -> 6241.59 | C164: =I14 -> 7625.92 | D164: =J14 -> 9050.08 | E164: =K14 -> 9164.2 | F164: =L14 -> 7645.423 | G164: =M14 -> 5480.2413 | H164: =N14 -> 2843.9648 | I164: =O14 -> 0 | N164: av - Dom Av | O164: =H57 -> 0.00149513 | P164: =I57 -> 0.00149513 | Q164: =$P164+($P164*$L169-$P164)*Q153/$V$153 -> 0.0012459417 | R164: =$P164+($P164*$L169-$P164)*R153/$V$153 -> 0.00099675333 | S164: =$P164+($P164*$L169-$P164)*S153/$V$153 -> 0.000747565 | T164: =$P164+($P164*$L169-$P164)*T153/$V$153 -> 0.00049837667 | U164: =$P164+($P164*$L169-$P164)*U153/$V$153 -> 0.00024918833 | V164: =$P164+($P164*$L169-$P164)*V153/$V$153 -> 0 | W164: =V164/P164 -> 0
A166: NMT - total | B166: =B157+B158 -> 64096.7 | C166: =C157+C158 -> 58122.7 | D166: =D157+D158 -> 72711.8 | E166: =E157+E158 -> 83211.2 | F166: =F157+F158 -> 91906.5 | G166: =G157+G158 -> 100066.3 | H166: =H157+H158 -> 107137 | I166: =I157+I158 -> 113246.1 | J166: =I166/I$170 -> 0.076573448 | K166: =D116-D116*(D116-D108)*0.5/D108 -> 0.082450527 | L166: =K166/J166 -> 1.0767509 | N166: NMT - total
A167: road - total | B167: =H18 -> 1126550 | C167: =I18 -> 1205090 | D167: =J18 -> 1289560 | E167: =K18 -> 1338380 | F167: =L18 -> 1358530 | G167: =M18 -> 1330850 | H167: =N18 -> 1297320 | I167: 1281580 | J167: =I167/I$170 -> 0.86656406 | K167: =D118-D118*(D118-D110)*0.5/D110 -> 0.83093539 | L167: =K167/J167 -> 0.95888514 | N167: road - total
A168: trains - total | B168: =B162+B163 -> 57839.1 | C168: =C162+C163 -> 61222.275 | D168: =D162+D163 -> 69068.418 | E168: =E162+E163 -> 73927.816 | F168: =F162+F163 -> 77544.304 | G168: =G162+G163 -> 80058.918 | H168: =H162+H163 -> 82189.521 | I168: =I162+I163 -> 84095.15 | J168: =I168/I$170 -> 0.056862494 | K168: =D119-D119*(D119-D111)*0.5/D111 -> 0.065751441 | L168: =K168/J168 -> 1.1563236 | N168: trains - total
A169: av - total | B169: =B164 -> 6241.59 | C169: =C164 -> 7625.92 | D169: =D164 -> 9050.08 | E169: =E164 -> 9164.2 | F169: =F164 -> 7645.423 | G169: =G164 -> 5480.2413 | H169: =H164 -> 2843.9648 | I169: =I164 -> 0 | J169: =I169/I$170 -> 0 | K169: =D117-D117*(D117-D109)*0.5/D109 -> 0 | L169: 0 | N169: av - total
A170: TOTAL | B170: =SUM(B166:B169) -> 1254727.4 | C170: =SUM(C166:C169) -> 1332060.9 | D170: =SUM(D166:D169) -> 1440390.3 | E170: =SUM(E166:E169) -> 1504683.2 | F170: =SUM(F166:F169) -> 1535626.2 | G170: =SUM(G166:G169) -> 1516455.5 | H170: =SUM(H166:H169) -> 1489490.5 | I170: =SUM(I166:I169) -> 1478921.2 | ... K170: =SUM(K166:K169) -> 0.97913736 | N170: TOTAL
A172: EU-15 | N172: EU-15
A173: NMT - Cycling | B173: =H33 -> 38400.6 | C173: =I33 -> 38726.2 | D173: =J33 -> 52681.9 | E173: =K33 -> 65152.5 | F173: =L33 -> 75755.3 | G173: =M33 -> 84992.8 | H173: =N33 -> 92986.5 | I173: =O33 -> 99964.6 | N173: NMT - Cycling | O173: =H76 -> 0.0239487 | P173: =I76 -> 0.0239487 | Q173: =$P173+($P173*$L182-$P173)*Q153/$V$153 -> 0.02394005 | R173: =$P173+($P173*$L182-$P173)*R153/$V$153 -> 0.0239314 | S173: =$P173+($P173*$L182-$P173)*S153/$V$153 -> 0.023922751 | T173: =$P173+($P173*$L182-$P173)*T153/$V$153 -> 0.023914101 | U173: =$P173+($P173*$L182-$P173)*U153/$V$153 -> 0.023905451 | V173: =$P173+($P173*$L182-$P173)*V153/$V$153 -> 0.023896801 | W173: =V173/P173 -> 0.99783292
A174: NMT - Walking | B174: =H37 -> 115202 | C174: =I37 -> 116179 | D174: =J37 -> 158046 | E174: =K37 -> 195457 | F174: =L37 -> 227266 | G174: =M37 -> 254978 | H174: =N37 -> 278959 | I174: =O37 -> 299894 | N174: NMT - Walking | O174: =H80 -> 0.701623 | P174: =I80 -> 0.701623 | Q174: =$P174+($P174*$L182-$P174)*Q153/$V$153 -> 0.70136959 | R174: =$P174+($P174*$L182-$P174)*R153/$V$153 -> 0.70111618 | S174: =$P174+($P174*$L182-$P174)*S153/$V$153 -> 0.70086276 | T174: =$P174+($P174*$L182-$P174)*T153/$V$153 -> 0.70060935 | U174: =$P174+($P174*$L182-$P174)*U153/$V$153 -> 0.70035594 | V174: =$P174+($P174*$L182-$P174)*V153/$V$153 -> 0.70010253 | W174: =V174/P174 -> 0.99783292
A175: road - 4W | B175: =H42 -> 4586780 | C175: =I42 -> 4673120 | D175: =J42 -> 4826090 | E175: =K42 -> 4751590 | F175: =L42 -> 4697030 | G175: =M42 -> 4633060 | H175: =N42 -> 4587560 | I175: =O42 -> 4557710 | N175: road - 4W | O175: =H85 -> 1 | P175: =I85 -> 1 | Q175: =$P175+($P175*$L183-$P175)*Q153/$V$153 -> 0.98853802 | R175: =$P175+($P175*$L183-$P175)*R153/$V$153 -> 0.97707604 | S175: =$P175+($P175*$L183-$P175)*S153/$V$153 -> 0.96561405 | T175: =$P175+($P175*$L183-$P175)*T153/$V$153 -> 0.95415207 | U175: =$P175+($P175*$L183-$P175)*U153/$V$153 -> 0.94269009 | V175: =$P175+($P175*$L183-$P175)*V153/$V$153 -> 0.93122811 | W175: =V175/P175 -> 0.93122811
A176: road - 2-3W | B176: =H41 -> 93044.3 | C176: =I41 -> 95684.3 | D176: =J41 -> 99382.3 | E176: =K41 -> 97301.8 | F176: =L41 -> 95208.8 | G176: =M41 -> 92565.9 | H176: =N41 -> 90711.1 | I176: =O41 -> 89434.5 | N176: road - 2-3W | O176: =H84 -> 0.0195251 | P176: =I84 -> 0.0195251 | Q176: =$P176+($P176*$L183-$P176)*Q153/$V$153 -> 0.019301304 | R176: =$P176+($P176*$L183-$P176)*R153/$V$153 -> 0.019077507 | S176: =$P176+($P176*$L183-$P176)*S153/$V$153 -> 0.018853711 | T176: =$P176+($P176*$L183-$P176)*T153/$V$153 -> 0.018629915 | U176: =$P176+($P176*$L183-$P176)*U153/$V$153 -> 0.018406118 | V176: =$P176+($P176*$L183-$P176)*V153/$V$153 -> 0.018182322 | W176: =V176/P176 -> 0.93122811
A177: road - bus | B177: =H39 -> 777922 | C177: =I39 -> 777346.8 | D177: =J39 -> 687191.71 | E177: =K39 -> 619993.4 | F177: =L39 -> 560476.4 | G177: =M39 -> 513072.4 | H177: =N39 -> 473771.6 | I177: =O39 -> 439815.5 | N177: road - bus | O177: =H82 -> 0.053004 | P177: =I82 -> 0.053004 | Q177: =$P177+($P177*$L183-$P177)*Q153/$V$153 -> 0.052396469 | R177: =$P177+($P177*$L183-$P177)*R153/$V$153 -> 0.051788938 | S177: =$P177+($P177*$L183-$P177)*S153/$V$153 -> 0.051181407 | T177: =$P177+($P177*$L183-$P177)*T153/$V$153 -> 0.050573876 | U177: =$P177+($P177*$L183-$P177)*U153/$V$153 -> 0.049966345 | V177: =$P177+($P177*$L183-$P177)*V153/$V$153 -> 0.049358815 | W177: =V177/P177 -> 0.93122811
A178: trains - HSR | B178: =H35 -> 21065.1 | C178: =I35 -> 21008.4 | D178: =J35 -> 27559.7 | E178: =K35 -> 32241.4 | F178: =L35 -> 37451.7 | G178: =M35 -> 39006.8 | H178: =N35 -> 41013.7 | I178: =O35 -> 43407.1 | N178: trains - HSR | O178: =H78 -> 0.0023946 | P178: =I78 -> 0.0023281 | Q178: =$P178+($P178*$L184-$P178)*Q153/$V$153 -> 0.0023196839 | R178: =$P178+($P178*$L184-$P178)*R153/$V$153 -> 0.0023112678 | S178: =$P178+($P178*$L184-$P178)*S153/$V$153 -> 0.0023028517 | T178: =$P178+($P178*$L184-$P178)*T153/$V$153 -> 0.0022944356 | U178: =$P178+($P178*$L184-$P178)*U153/$V$153 -> 0.0022860195 | V178: =$P178+($P178*$L184-$P178)*V153/$V$153 -> 0.0022776034 | W178: =V178/P178 -> 0.97830994
A179: trains - Pass Rail | B179: =H36 -> 363805.5 | C179: =I36 -> 372521.6 | D179: =J36 -> 402916.6 | E179: =K36 -> 409945.3 | F179: =L36 -> 415275.5 | G179: =M36 -> 418527 | H179: =N36 -> 424297.8 | I179: =O36 -> 431896.2 | N179: trains - Pass Rail | O179: =H79 -> 0.0509601 | P179: =I79 -> 0.0509949 | Q179: =$P179+($P179*$L184-$P179)*Q153/$V$153 -> 0.050810553 | R179: =$P179+($P179*$L184-$P179)*R153/$V$153 -> 0.050626206 | S179: =$P179+($P179*$L184-$P179)*S153/$V$153 -> 0.050441859 | T179: =$P179+($P179*$L184-$P179)*T153/$V$153 -> 0.050257512 | U179: =$P179+($P179*$L184-$P179)*U153/$V$153 -> 0.050073164 | V179: =$P179+($P179*$L184-$P179)*V153/$V$153 -> 0.049888817 | W179: =V179/P179 -> 0.97830994
A180: av - Dom Av | B180: =H34 -> 277139 | C180: =I34 -> 289011 | D180: =J34 -> 308124 | E180: =K34 -> 278810 | F180: =L34 -> 224371.21 | G180: =M34 -> 165050.95 | H180: =N34 -> 101623.93 | I180: =O34 -> 35953.966 | N180: av - Dom Av | O180: =H77 -> 0.0080731 | P180: =I77 -> 0.0080731 | Q180: =$P180+($P180*$L185-$P180)*Q153/$V$153 -> 0.0080689763 | R180: =$P180+($P180*$L185-$P180)*R153/$V$153 -> 0.0080648527 | S180: =$P180+($P180*$L185-$P180)*S153/$V$153 -> 0.008060729 | T180: =$P180+($P180*$L185-$P180)*T153/$V$153 -> 0.0080566053 | U180: =$P180+($P180*$L185-$P180)*U153/$V$153 -> 0.0080524816 | V180: =$P180+($P180*$L185-$P180)*V153/$V$153 -> 0.008048358 | W180: =V180/P180 -> 0.99693525
A182: NMT - total | B182: =B173+B174 -> 153602.6 | C182: =C173+C174 -> 154905.2 | D182: =D173+D174 -> 210727.9 | E182: =E173+E174 -> 260609.5 | F182: =F173+F174 -> 303021.3 | G182: =G173+G174 -> 339970.8 | H182: =H173+H174 -> 371945.5 | I182: =I173+I174 -> 399858.6 | J182: =I182/I$186 -> 0.066664479 | K182: =D128-D128*(D128-D120)*0.5/D120 -> 0.066520011 | L182: =K182/J182 -> 0.99783292 | N182: NMT - total
A183: road - total | B183: =B175+B176+B177 -> 5457746.3 | C183: =C175+C176+C177 -> 5546151.1 | D183: =D175+D176+D177 -> 5612664 | E183: =E175+E176+E177 -> 5468885.2 | F183: =F175+F176+F177 -> 5352715.2 | G183: =G175+G176+G177 -> 5238698.3 | H183: =H175+H176+H177 -> 5152042.7 | I183: =I175+I176+I177 -> 5086960 | J183: =I183/I$186 -> 0.84809864 | K183: =D130-D130*(D130-D122)*0.5/D122 -> 0.78977329 | L183: =K183/J183 -> 0.93122811 | N183: road - total
A184: trains - total | B184: =B178+B179 -> 384870.6 | C184: =C178+C179 -> 393530 | D184: =D178+D179 -> 430476.3 | E184: =E178+E179 -> 442186.7 | F184: =F178+F179 -> 452727.2 | G184: =G178+G179 -> 457533.8 | H184: =H178+H179 -> 465311.5 | I184: =I178+I179 -> 475303.3 | J184: =I184/I$186 -> 0.079242629 | K184: =D131-D131*(D131-D123)*0.5/D123 -> 0.077523851 | L184: =K184/J184 -> 0.97830994 | N184: trains - total
A185: av - total | B185: =B180 -> 277139 | C185: =C180 -> 289011 | D185: =D180 -> 308124 | E185: =E180 -> 278810 | F185: =F180 -> 224371.21 | G185: =G180 -> 165050.95 | H185: =H180 -> 101623.93 | I185: =I180 -> 35953.966 | J185: =I185/I$186 -> 0.00599425 | K185: =D129-D129*(D129-D121)*0.5/D121 -> 0.0059758791 | L185: =K185/J185 -> 0.99693525 | N185: av - total
...

Sheet BLD-FloorSpace-computation
A1: FLOORSPACE COMPUTATION
A3: 1. Data from GCAM
A4: building floorspace
A5: scenario | B5: region | C5: nodeInput | D5: building-node-input | E5: building | F5: 1990 | G5: 2005 | H5: 2010 | I5: 2015 | J5: 2020 | K5: 2025 | L5: 2030 | M5: 2035 | N5: 2040 | O5: 2045 | P5: 2050 | Q5: Units
A6: Calib_TRN_Modes_ONLYIntAv,date=2025-24-4T15:48:40+02:00 | B6: EU-12 | C6: comm | D6: comm_building | E6: comm | F6: 0.755048 | G6: 0.822556 | H6: 0.812976 | I6: 0.802791 | J6: 0.890853 | K6: 1.01737 | L6: 1.1141 | M6: 1.18059 | N6: 1.22654 | O6: 1.25468 | P6: 1.27387 | Q6: billion m^2
A7: Calib_TRN_Modes_ONLYIntAv,date=2025-24-4T15:48:40+02:00 | B7: EU-12 | C7: resid | D7: resid_building | E7: resid | F7: 2.60838 | G7: 2.90616 | H7: 2.70237 | I7: 2.49859 | J7: 2.55658 | K7: 2.6507 | L7: 2.68605 | M7: 2.69482 | N7: 2.68917 | O7: 2.67231 | P7: 2.65186 | Q7: billion m^2
A8: Calib_TRN_Modes_ONLYIntAv,date=2025-24-4T15:48:40+02:00 | B8: EU-15 | C8: comm | D8: comm_building | E8: comm | F8: 5.07275 | G8: 5.697 | H8: 5.81243 | I8: 5.89485 | J8: 5.97216 | K8: 6.22157 | L8: 6.33102 | M8: 6.4319 | N8: 6.53148 | O8: 6.62624 | P8: 6.71154 | Q8: billion m^2
A9: Calib_TRN_Modes_ONLYIntAv,date=2025-24-4T15:48:40+02:00 | B9: EU-15 | C9: resid | D9: resid_building | E9: resid | F9: 9.91734 | G9: 11.692 | H9: 10.7706 | I9: 9.84928 | J9: 9.96452 | K9: 10.2663 | L9: 10.4005 | M9: 10.531 | N9: 10.6676 | O9: 10.8036 | P9: 10.933 | Q9: billion m^2
A13: 2. Data to be applied
A14: ctry | B14: region | C14: year | D14: m2/person | E14: thous person | F14: bnm2 | G14: m2/ctry | H14: bnm2/ctry
A15: Bulgaria | B15: EU-12 | C15: 2015 | D15: 31.005212 | E15: 7199.741 | F15: 0.00022322949 | G15: =D15*E15 * 1000 -> 2.2322949e+08 | H15: =G15/1000000000 -> 0.22322949
A16: Croatia | B16: EU-12 | C16: 2015 | D16: 30.199092 | E16: 4232.874 | F16: 0.00012782895 | G16: =D16*E16 * 1000 -> 1.2782895e+08 | H16: =G16/1000000000 -> 0.12782895
A17: Cyprus | B17: EU-12 | C17: 2015 | D17: 61.968464 | E17: 1160.985 | F17: 7.1944457e-05 | G17: =D17*E17 * 1000 -> 71944457 | H17: =G17/1000000000 -> 0.071944457
A18: Czech Republic | B18: EU-12 | C18: 2015 | D18: 32.404491 | E18: 10601.397 | F18: 0.00034353288 | G18: =D18*E18 * 1000 -> 3.4353288e+08 | H18: =G18/1000000000 -> 0.34353288
A19: Estonia | B19: EU-12 | C19: 2015 | D19: 30.561127 | E19: 1315.325 | F19: 4.0197814e-05 | G19: =D19*E19 * 1000 -> 40197814 | H19: =G19/1000000000 -> 0.040197814
A20: Hungary | B20: EU-12 | C20: 2015 | D20: 31.495982 | E20: 9777.923 | F20: 0.00030796529 | G20: =D20*E20 * 1000 -> 3.0796529e+08 | H20: =G20/1000000000 -> 0.30796529
A21: Latvia | B21: EU-12 | C21: 2015 | D21: 27.677886 | E21: 1997.674 | F21: 5.5291392e-05 | G21: =D21*E21 * 1000 -> 55291392 | H21: =G21/1000000000 -> 0.055291392
A22: Lithuania | B22: EU-12 | C22: 2015 | D22: 32.672384 | E22: 2931.88 | F22: 9.579151e-05 | G22: =D22*E22 * 1000 -> 95791510 | H22: =G22/1000000000 -> 0.09579151
A23: Malta | B23: EU-12 | C23: 2015 | D23: 40 | E23: 433.559 | F23: 1.734236e-05 | G23: =D23*E23 * 1000 -> 17342360 | H23: =G23/1000000000 -> 0.01734236
A24: Poland | B24: EU-12 | C24: 2015 | D24: 25.720708 | E24: 38034.079 | F24: 0.00097826344 | G24: =D24*E24 * 1000 -> 9.7826344e+08 | H24: =G24/1000000000 -> 0.97826344
A25: Romania | B25: EU-12 | C25: 2015 | D25: 21.129637 | E25: 19925.175 | F25: 0.00042101172 | G25: =D25*E25 * 1000 -> 4.2101172e+08 | H25: =G25/1000000000 -> 0.42101172
A26: Slovakia | B26: EU-12 | C26: 2015 | D26: 27.776876 | E26: 5435.611 | F26: 0.00015098429 | G26: =D26*E26 * 1000 -> 1.5098429e+08 | H26: =G26/1000000000 -> 0.15098429
... A95: Sweden | B95: EU-15 | C95: 2050 | D95: 47.443469 | E95: 11663.136 | F95: 0.00055333962 | G95: =D95*E95 * 1000 -> 5.5333962e+08 | H95: =G95/1000000000 -> 0.55333962
A98: 3. COMPUTATION: Total values by GCAM region - Data to be applied
A99: GCAM_region_name | C99: 2015 | D99: 2020 | E99: 2050 | F99: Unit
A100: EU-12 | C100: =SUM(H15:H27) -> 2.8970205 | D100: =SUM(H42:H54) -> 3.0570522 | E100: =SUM(H69:H81) -> 3.714843 | F100: bn m2
A101: EU-15 | C101: =SUM(H28:H41) -> 14.593662 | D101: =SUM(H55:H67) -> 14.339359 | E101: =SUM(H82:H95) -> 14.712753 | F101: bn m2
A104: 4. COMPUTATION: New floorspace values
A105: GCAM data | B105: 2015 | C105: 2020 | D105: 2050 | E105: porcentual change with respect 2015 | G105: Factor computation | I105: New Floorspace computation | N105: 0 | O105: 1 | P105: 2 | Q105: 3 | R105: 4 | S105: 5 | T105: 6 | V105: check
A106: Floorspace bnm2/ctry | E106: GCAM data | F106: GOAL data - HALF change | G106: Target diff | I106: bnm2/ctry | J106: {=F5:P5} -> 1990 | K106: 2005 | L106: 2010 | M106: 2015 | N106: 2020 | O106: 2025 | P106: 2030 | Q106: 2035 | R106: 2040 | S106: 2045 | T106: 2050 | U106: =Q5 -> Units
A107: EU-12 | B107: =I7 -> 2.49859 | C107: =J7 -> 2.55658 | D107: =P7 -> 2.65186 | E107: =(D107-B107)/B107 -> 0.061342597 | F107: =(E100-C100)/C100*0.5 -> 0.1411489 | G107: =P7 -> 2.65186 | H107: NOTE: keep ct since the base floorspace is lower than the "expected" one | I107: EU-12 | J107: {=F7:J7} -> 2.60838 | K107: 2.90616 | L107: 2.70237 | M107: 2.49859 | N107: 2.55658 | O107: =$N$107+$N$107*(($G$107-$N$107)/$N$107)*O105/$T$105 -> 2.57246 | P107: =$N$107+$N$107*(($G$107-$N$107)/$N$107)*P105/$T$105 -> 2.58834 | Q107: =$N$107+$N$107*(($G$107-$N$107)/$N$107)*Q105/$T$105 -> 2.60422 | R107: =$N$107+$N$107*(($G$107-$N$107)/$N$107)*R105/$T$105 -> 2.6201 | S107: =$N$107+$N$107*(($G$107-$N$107)/$N$107)*S105/$T$105 -> 2.63598 | T107: =$N$107+$N$107*(($G$107-$N$107)/$N$107)*T105/$T$105 -> 2.65186 | U107: {=Q6:Q7} -> billion m^2 | V107: =T107/N107 -> 1.0372685
A108: EU-15 | B108: =I9 -> 9.84928 | C108: =J9 -> 9.96452 | D108: =P9 -> 10.933 | E108: =(D108-B108)/B108 -> 0.11003038 | F108: =(E101-C101)/C101*0.5 -> 0.0040802312 | G108: =B108*(1+F108) -> 9.8894673 | I108: EU-15 | J108: {=F9:J9} -> 9.91734 | K108: 11.692 | L108: 10.7706 | M108: 9.84928 | N108: 9.96452 | O108: =$N$108+$N$108*(($G$108-$N$108)/$N$108)*O105/$T$105 -> 9.9520112 | P108: =$N$108+$N$108*(($G$108-$N$108)/$N$108)*P105/$T$105 -> 9.9395024 | Q108: =$N$108+$N$108*(($G$108-$N$108)/$N$108)*Q105/$T$105 -> 9.9269937 | R108: =$N$108+$N$108*(($G$108-$N$108)/$N$108)*R105/$T$105 -> 9.9144849 | S108: =$N$108+$N$108*(($G$108-$N$108)/$N$108)*S105/$T$105 -> 9.9019761 | T108: =$N$108+$N$108*(($G$108-$N$108)/$N$108)*T105/$T$105 -> 9.8894673 | U108: billion m^2 | V108: =T108/N108 -> 0.99246801

Sheet BLD-FloorSpace-values
A1: region | B1: {='BLD-FloorSpace-computation'!J106:T108} -> 1990 | C1: 2005 | D1: 2010 | E1: 2015 | F1: 2020 | G1: 2025 | H1: 2030 | I1: 2035 | J1: 2040 | K1: 2045 | L1: 2050
A2: EU-12 | B2: 2.60838 | C2: 2.90616 | D2: 2.70237 | E2: 2.49859 | F2: 2.55658 | G2: 2.57246 | H2: 2.58834 | I2: 2.60422 | J2: 2.6201 | K2: 2.63598 | L2: 2.65186
A3: EU-15 | B3: 9.91734 | C3: 11.692 | D3: 10.7706 | E3: 9.84928 | F3: 9.96452 | G3: 9.9520112 | H3: 9.9395024 | I3: 9.9269937 | J3: 9.9144849 | K3: 9.9019761 | L3: 9.8894673

Sheet BLD-EnConsumption-computation
A1: ENERGY CONSUMPTION COMPUTATION
A3: 1. Data from GCAM
A4: building total final energy by service
A5: scenario | B5: region | C5: sector | D5: 1990 | E5: 2005 | F5: 2010 | G5: 2015 | H5: 2020 | I5: 2025 | J5: 2030 | K5: 2035 | L5: 2040 | M5: 2045 | N5: 2050 | O5: 2065 | P5: 2080 | Q5: 2095 | R5: Units
A6: Calib_BLD_FloorSpace_L,date=2025-30-4T09:12:48+02:00 | B6: EU-12 | C6: comm cooling | D6: 0.0128655 | E6: 0.0281441 | F6: 0.0347417 | G6: 0.0330143 | H6: 0.0338376 | I6: 0.035735 | J6: 0.0366038 | K6: 0.0361838 | L6: 0.035043 | M6: 0.0334234 | N6: 0.031552 | O6: 0 | P6: 0 | Q6: 0 | R6: EJ
A7: Calib_BLD_FloorSpace_L,date=2025-30-4T09:12:48+02:00 | B7: EU-12 | C7: comm heating | D7: 0.5056642 | E7: 0.3516913 | F7: 0.3727631 | G7: 0.2904751 | H7: 0.32434407 | I7: 0.37674831 | J7: 0.41053186 | K7: 0.42595911 | L7: 0.42826857 | M7: 0.42191626 | N7: 0.41175053 | O7: 0 | P7: 0 | Q7: 0 | R7: EJ
A8: Calib_BLD_FloorSpace_L,date=2025-30-4T09:12:48+02:00 | B8: EU-12 | C8: comm others | D8: 0.3509733 | E8: 0.4950887 | F8: 0.5642249 | G8: 0.5042104 | H8: 0.60145588 | I8: 0.74555591 | J8: 0.87087113 | K8: 0.9592838 | L8: 1.0114948 | M8: 1.0411956 | N8: 1.0537297 | O8: 0 | P8: 0 | Q8: 0 | R8: EJ
A9: Calib_BLD_FloorSpace_L,date=2025-30-4T09:12:48+02:00 | B9: EU-12 | C9: resid cooling | D9: 0.023347 | E9: 0.0345223 | F9: 0.0366457 | G9: 0.0347737 | H9: 0.0337433 | I9: 0.0322343 | J9: 0.0307123 | K9: 0.028798 | L9: 0.0268747 | M9: 0.0249603 | N9: 0.0230888 | O9: 0 | P9: 0 | Q9: 0 | R9: EJ
A10: Calib_BLD_FloorSpace_L,date=2025-30-4T09:12:48+02:00 | B10: EU-12 | C10: resid heating | D10: 1.4430648 | E10: 1.3583538 | F10: 1.48995 | G10: 1.2851637 | H10: 1.2425788 | I10: 1.1943649 | J10: 1.1259026 | K10: 1.052379 | L10: 0.98689283 | M10: 0.9213753 | N10: 0.8659903 | O10: 0 | P10: 0 | Q10: 0 | R10: EJ
A11: Calib_BLD_FloorSpace_L,date=2025-30-4T09:12:48+02:00 | B11: EU-12 | C11: resid others | D11: 0.6619453 | E11: 0.8538416 | F11: 0.8546245 | G11: 0.7558333 | H11: 0.8197943 | I11: 0.87188046 | J11: 0.90678407 | K11: 0.92592653 | L11: 0.92487833 | M11: 0.91955033 | N11: 0.90691954 | O11: 0 | P11: 0 | Q11: 0 | R11: EJ
A12: Calib_BLD_FloorSpace_L,date=2025-30-4T09:12:48+02:00 | B12: EU-15 | C12: comm cooling | D12: 0.131287 | E12: 0.22519 | F12: 0.265399 | G12: 0.258833 | H12: 0.247047 | I12: 0.243346 | J12: 0.233677 | K12: 0.225012 | L12: 0.216273 | M12: 0.207835 | N12: 0.199777 | O12: 0 | P12: 0 | Q12: 0 | R12: EJ
A13: Calib_BLD_FloorSpace_L,date=2025-30-4T09:12:48+02:00 | B13: EU-15 | C13: comm heating | D13: 1.2757528 | E13: 1.3530162 | F13: 1.4330033 | G13: 1.3676116 | H13: 1.3932804 | I13: 1.4941429 | J13: 1.5221191 | K13: 1.5414334 | L13: 1.5459178 | M13: 1.5520807 | N13: 1.5501578 | O13: 0 | P13: 0 | Q13: 0 | R13: EJ
A14: Calib_BLD_FloorSpace_L,date=2025-30-4T09:12:48+02:00 | B14: EU-15 | C14: comm others | D14: 1.8576829 | E14: 2.6331273 | F14: 2.8892968 | G14: 2.7499994 | H14: 2.8113722 | I14: 3.1420531 | J14: 3.3283006 | K14: 3.5196051 | L14: 3.6927528 | M14: 3.8845561 | N14: 4.0504185 | O14: 0 | P14: 0 | Q14: 0 | R14: EJ
A15: Calib_BLD_FloorSpace_L,date=2025-30-4T09:12:48+02:00 | B15: EU-15 | C15: resid cooling | D15: 0.196012 | E15: 0.25458 | F15: 0.277314 | G15: 0.264597 | H15: 0.249181 | I15: 0.232593 | J15: 0.216547 | K15: 0.202342 | L15: 0.188683 | M15: 0.175952 | N15: 0.164263 | O15: 0 | P15: 0 | Q15: 0 | R15: EJ
A16: Calib_BLD_FloorSpace_L,date=2025-30-4T09:12:48+02:00 | B16: EU-15 | C16: resid heating | D16: 3.768445 | E16: 4.655644 | F16: 4.737573 | G16: 4.0213 | H16: 3.94148 | I16: 3.8649823 | J16: 3.7101783 | K16: 3.5109787 | L16: 3.2970716 | M16: 3.0918709 | N16: 2.9117397 | O16: 0 | P16: 0 | Q16: 0 | R16: EJ
A17: Calib_BLD_FloorSpace_L,date=2025-30-4T09:12:48+02:00 | B17: EU-15 | C17: resid others | D17: 3.287574 | E17: 3.4951631 | F17: 3.612566 | G17: 3.1723465 | H17: 3.2678093 | I17: 3.3294737 | J17: 3.3107177 | K17: 3.2982495 | L17: 3.2599365 | M17: 3.2179238 | N17: 3.1699079 | O17: 0 | P17: 0 | Q17: 0 | R17: EJ
A19: satiation level
A20: EU-12 | C20: baixar-li el percentatge q volem disminuir
A21: resid heating | B21: 0.2959147
A22: resid cooling | B22: 0.0394465
A23: resid others | B23: 0.2900355
A24: EU-15
A25: resid heating | B25: 0.2817246
A26: resid cooling | B26: 0.0739286
A27: resid others | B27: 0.2900355
A29: "resid other" percentages
A30: GCAM_region_ID | B30: supplysector | C30: 1975 | D30: 1990 | E30: 2005 | F30: 2010 | G30: 2015 | H30: 2020 | I30: 2025 | J30: 2030 | K30: 2035 | L30: 2040 | M30: 2045 | N30: 2050 | O30: Unit
A31: 12 | B31: resid cooking | C31: 0.50572351 | D31: 0.36431883 | E31: 0.47802929 | F31: 0.4660248 | G31: 0.45544869 | H31: 0.448918 | I31: 0.44665684 | J31: 0.44165457 | K31: 0.44030721 | L31: 0.43598124 | M31: 0.43105904 | N31: 0.42774325 | O31: percent
A32: 12 | B32: resid hot water | C32: 0.35490922 | D32: 0.39425074 | E32: 0.2953804 | F32: 0.28911839 | G32: 0.27909559 | H32: 0.27618017 | I32: 0.28314584 | J32: 0.28986291 | K32: 0.29097715 | L32: 0.29350771 | M32: 0.2956974 | N32: 0.29691927 | O32: percent
A33: 12 | B33: resid other appliance | C33: 0.11540553 | D33: 0.19855945 | E33: 0.18665513 | F33: 0.20189887 | G33: 0.21905302 | H33: 0.22882189 | I33: 0.22565971 | J33: 0.22450392 | K33: 0.22538966 | L33: 0.22745535 | M33: 0.23016997 | N33: 0.23238847 | O33: percent
A34: 12 | B34: resid others | C34: 0.023961742 | D34: 0.042870982 | E34: 0.039935175 | F34: 0.042957941 | G34: 0.046402697 | H34: 0.046079944 | I34: 0.044537614 | J34: 0.043978595 | K34: 0.04332598 | L34: 0.043055708 | M34: 0.043073591 | N34: 0.042949008 | O34: percent
A35: 13 | B35: resid cooking | C35: 0.29051308 | D35: 0.30766187 | E35: 0.29403403 | F35: 0.30653077 | G35: 0.3040016 | H35: 0.29829919 | I35: 0.30687094 | J35: 0.31791181 | K35: 0.32277276 | L35: 0.32138688 | M35: 0.31642115 | N35: 0.3116504 | O35: percent
A36: 13 | B36: resid hot water | C36: 0.4126492 | D36: 0.32924952 | E36: 0.33514861 | F36: 0.3295211 | G36: 0.31994253 | H36: 0.30748867 | I36: 0.30552183 | J36: 0.30302336 | K36: 0.30166196 | L36: 0.30362235 | M36: 0.30686199 | N36: 0.31027161 | O36: percent
A37: 13 | B37: resid other appliance | C37: 0.24305707 | D37: 0.30820646 | E37: 0.31982179 | F37: 0.3146851 | G37: 0.32560778 | H37: 0.34241699 | I37: 0.336776 | J37: 0.32924337 | K37: 0.32669971 | L37: 0.32666869 | M37: 0.32855902 | N37: 0.33012238 | O37: percent
A38: 13 | B38: resid others | C38: 0.053780647 | D38: 0.054882153 | E38: 0.050995567 | F38: 0.049263026 | G38: 0.05044809 | H38: 0.051795162 | I38: 0.050831227 | J38: 0.049821456 | K38: 0.04886557 | L38: 0.048322081 | M38: 0.048157835 | N38: 0.047955616 | O38: percent
A40: 2. Goal data
A41: GCAM_region_ID | B41: supplysector | C41: 2015 | D41: 2020 | E41: 2050 | F41: Unit | G41: .-> considering the percentage | H41: GCAM_region_ID | I41: supplysector | J41: 2015 | K41: 2020 | L41: 2050 | M41: Unit
A42: 12 | B42: Cooling | C42: 0.0062052718 | D42: 0.0084751824 | E42: 0.036437158 | F42: EJ | H42: =A42 -> 12 | I42: =B42 -> Cooling | J42: =C42 -> 0.0062052718 | K42: =D42 -> 0.0084751824 | L42: =E42 -> 0.036437158
A43: 12 | B43: Domestic cooking | C43: 0.23187471 | D43: 0.21010098 | E43: 0.12359836 | F43: EJ | H43: =A43 -> 12 | I43: =B43 -> Domestic cooking | J43: =C43 -> 0.23187471 | K43: =D43 -> 0.21010098 | L43: =E43 -> 0.12359836 | M43: EJ
A44: 12 | B44: Domestic hot water | C44: 0.37209135 | D44: 0.3739052 | E44: 0.21960917 | F44: EJ | H44: =A44 -> 12 | I44: =B44 -> Domestic hot water | J44: =C44 -> 0.37209135 | K44: =D44 -> 0.3739052 | L44: =E44 -> 0.21960917 | M44: EJ
A45: 12 | B45: Space heating | C45: 1.7259105 | D45: 1.640532 | E45: 0.9657566 | F45: EJ | H45: =A45 -> 12 | I45: =B45 -> Space heating | J45: =C45 -> 1.7259105 | K45: =D45 -> 1.640532 | L45: =E45 -> 0.9657566
A46: 12 | B46: Specific electricity | C46: 0.27704074 | D46: 0.27875981 | E46: 0.23252578 | F46: EJ | H46: =A46 -> 12 | I46: =B46 -> Specific electricity | J46: =C46 -> 0.27704074 | K46: =D46 -> 0.27875981 | L46: =E46 -> 0.23252578 | M46: EJ
A47: 13 | B47: Cooling | C47: 0.032743661 | D47: 0.046447823 | E47: 0.12932625 | F47: EJ | H47: 12 | I47: RESID OTHER TOTAL | J47: =J43*G31+J44*G32+J46*G33 -> 0.2701427 | K47: =K43*H31+K44*H32+K46*H33 -> 0.26136966 | L47: =L43*N31+L44*N32+L46*N33 -> 0.17211087 | M47: EJ
A48: 13 | B48: Domestic cooking | C48: 0.37119786 | D48: 0.375046 | E48: 0.27654059 | F48: EJ | H48: =A48 -> 13 | I48: =B48 -> Domestic cooking | J48: =C48 -> 0.37119786 | K48: =D48 -> 0.375046 | L48: =E48 -> 0.27654059 | M48: EJ
A49: 13 | B49: Domestic hot water | C49: 1.0772452 | D49: 1.133373 | E49: 0.58252178 | F49: EJ | H49: =A49 -> 13 | I49: =B49 -> Domestic hot water | J49: =C49 -> 1.0772452 | K49: =D49 -> 1.133373 | L49: =E49 -> 0.58252178 | M49: EJ
A50: 13 | B50: Space heating | C50: 5.3682038 | D50: 5.3668956 | E50: 2.2847417 | F50: EJ | H50: =A50 -> 13 | I50: =B50 -> Space heating | J50: =C50 -> 5.3682038 | K50: =D50 -> 5.3668956 | L50: =E50 -> 2.2847417
A51: 13 | B51: Specific electricity | C51: 1.2332674 | D51: 1.2063348 | E51: 0.75956958 | F51: EJ | H51: =A51 -> 13 | I51: =B51 -> Specific electricity | J51: =C51 -> 1.2332674 | K51: =D51 -> 1.2063348 | L51: =E51 -> 0.75956958 | M51: EJ
H52: 13 | I52: RESID OTHER TOTAL | J52: =J48*G36+J49*G37+J51*G38 -> 0.53173738 | K52: =K48*H36+K49*H37+K51*H38 -> 0.56589087 | L52: =L48*N36+L49*N37+L51*N38 -> 0.3145318 | M52: EJ
A53: 3. COMPUTATION - new satiation level
A54: GCAM - FE | B54: 2015 | C54: 2020 | D54: 2050 | E54: porcentual change with respect 2015 | G54: Factor computation | J54: new satiation level
A55: EU-12 | E55: GCAM data | F55: GOAL data - HALF percentage | G55: Target diff | J55: EU-12 | K55: old | L55: new | M55: adjusted (no neg)
A56: resid heating | B56: =G10 -> 1.2851637 | C56: =H10 -> 1.2425788 | D56: =N10 -> 0.8659903 | E56: =(D56-B56)/B56 -> -0.32616343 | F56: =(E45-C45)/C45*0.5 -> -0.22021822 | G56: =(F56-E56)/E56 -> -0.32482246 | J56: resid heating | K56: 0.2959147 | L56: =K56-K56*G56 -> 0.39203444 | M56: =K56 -> 0.2959147 | N56: NOTE: same porcentual change than resid others
A57: resid cooling | B57: =G9 -> 0.0347737 | C57: =H9 -> 0.0337433 | D57: =N9 -> 0.0230888 | E57: =(D57-B57)/B57 -> -0.33602694 | F57: =(E42-C42)/C42*0.5 -> 2.4359841 | G57: =(F57-E57)/E57 -> -8.2493713 | J57: resid cooling | K57: 0.0394465 | L57: =K57-K57*G57 -> 0.36485533 | M57: =K57 -> 0.0394465 | N57: NOTE: we do not modify cooling
A58: resid others - cooking | B58: =G11*G31 -> 0.34424329 | C58: =H11*H31 -> 0.36802042 | D58: =N11*N31 -> 0.38792872 | E58: =(D58-B58)/B58 -> 0.12690277 | F58: =(E43-C43)/C43*0.5 -> -0.2334803 | G58: =(F58-E58)/E58 -> -2.8398361 | J58: resid others | K58: 0.2900355 | L58: =K58+K58*F62 -> 0.23741014 | M58: 0.24159 | N58: =(M58-K58)/K58 -> -0.167033
A59: resid others - hot water | B59: =G11*G32 -> 0.21094974 | C59: =H11*H32 -> 0.22641093 | D59: =N11*N32 -> 0.26928189 | E59: =(D59-B59)/B59 -> 0.27652151 | F59: =(E44-C44)/C44*0.5 -> -0.20489886 | G59: =(F59-E59)/E59 -> -1.740987 | J59: EU-15
A60: resid others - other appliance | B60: =G11*G33 -> 0.16556757 | C60: =H11*H33 -> 0.18758688 | D60: =N11*N33 -> 0.21075764 | E60: =(D60-B60)/B60 -> 0.27294041 | F60: =(E46-C46)/C46*0.5 -> -0.080340091 | G60: =(F60-E60)/E60 -> -1.2943503 | J60: resid heating | K60: 0.2817246 | L60: =K60+K60*F65 -> 0.20081419 | M60: =K60 -> 0.2817246
A61: resid others - other | B61: =G11*G34 -> 0.035072703 | C61: =H11*H34 -> 0.037776075 | D61: =N11*N34 -> 0.038951294 | E61: =(D61-B61)/B61 -> 0.11058717 | F61: =0*0.5 -> 0 | G61: =(F61-E61)/E61 -> -1 | J61: resid cooling | K61: 0.0739286 | L61: =K61-K61*G66 -> 0.12299911 | M61: =K61 -> 0.0739286
B62: =SUM(B58:B61) -> 0.7558333 | C62: =SUM(C58:C61) -> 0.8197943 | D62: =SUM(D58:D61) -> 0.90691954 | E62: =(D62-B62)/B62 -> 0.1998936 | F62: =(L47-J47)/J47*0.5 -> -0.18144453 | G62: =(F62-E62)/E62 -> -1.9077056 | J62: resid others | K62: 0.2900355 | L62: =K62+K62*F71 -> 0.23079824 | M62: 0.24159 | N62: =(M62-K62)/K62 -> -0.167033
A64: EU-15 | E64: GCAM data | F64: GOAL data | G64: Target diff
A65: resid heating | B65: =G16 -> 4.0213 | C65: =H16 -> 3.94148 | D65: =N16 -> 2.9117397 | E65: =(D65-B65)/B65 -> -0.2759208 | F65: =(E50-C50)/C50*0.5 -> -0.28719681 | G65: =(F65-E65)/E65 -> 0.040866865 | J65: Values that worked
A66: resid cooling | B66: =G15 -> 0.264597 | C66: =H15 -> 0.249181 | D66: =N15 -> 0.164263 | E66: =(D66-B66)/B66 -> -0.37919553 | F66: =(E48-C48)/C48*0.5 -> -0.12750244 | G66: =(F66-E66)/E66 -> -0.66375541 | J66: Calib_BLD_EnConsumptionH | K66: EU-12 | L66: 0.23
A67: resid others - cooking | B67: =G17*G35 -> 0.96439841 | C67: =H17*H35 -> 0.97478486 | D67: =N17*N35 -> 0.98790305 | E67: =(D67-B67)/B67 -> 0.024372339 | F67: =(E48-C48)/C48*0.5 -> -0.12750244 | G67: =(F67-E67)/E67 -> -6.2314406 | J67: Calib_BLD_EnConsumptionH | K67: EU-15 | L67: 0.25
A68: resid others - hot water | B68: =G17*G36 -> 1.0149686 | C68: =H17*H36 -> 1.0048143 | D68: =N17*N36 -> 0.98353241 | E68: =(D68-B68)/B68 -> -0.030972529 | F68: =(E49-C49)/C49*0.5 -> -0.22962433 | G68: =(F68-E68)/E68 -> 6.4138061 | J68: Calib_BLD_EnConsumptionH2 | K68: EU-12 | L68: 0.21
A69: resid others - other appliance | B69: =G17*G37 -> 1.0329407 | C69: =H17*H37 -> 1.1189534 | D69: =N17*N37 -> 1.0464575 | E69: =(D69-B69)/B69 -> 0.013085779 | F69: =(E51-C51)/C51*0.5 -> -0.19204991 | G69: =(F69-E69)/E69 -> -15.676231 | J69: Calib_BLD_EnConsumptionH2 | K69: EU-15 | L69: 0.24159
A70: resid others - other | B70: =G17*G38 -> 0.16003882 | C70: =H17*H38 -> 0.16925671 | D70: =N17*N38 -> 0.15201489 | E70: =(D70-B70)/B70 -> -0.050137433 | F70: =0*0.5 -> 0 | G70: =(F70-E70)/E70 -> -1
B71: =SUM(B67:B70) -> 3.1723465 | C71: =SUM(C67:C70) -> 3.2678093 | D71: =SUM(D67:D70) -> 3.1699079 | E71: =(D71-B71)/B71 -> -0.00076870544 | F71: =(L52-J52)/J52*0.5 -> -0.20424141 | G71: =(F71-E71)/E71 -> 264.69528

Sheet BLD-EnConsumption-values
A1: region | B1: sector | C1: satiation level
A2: EU-12 | B2: {='[1]BLD-EnConsumption-computation'!J56:J58} -> resid heating | C2: {='[1]BLD-EnConsumption-computation'!M56:M58} -> 0.2959147
A3: EU-12 | B3: resid cooling | C3: 0.0394465
A4: EU-12 | B4: resid others | C4: 0.24159
A5: EU-15 | B5: {='[1]BLD-EnConsumption-computation'!J60:J62} -> resid heating | C5: {='[1]BLD-EnConsumption-computation'!M60:M62} -> 0.2817246
A6: EU-15 | B6: resid cooling | C6: 0.0739286
A7: EU-15 | B7: resid others | C7: 0.24159

Sheet BLD-RefurbishRate-computation
A1: REFURBISH RATE COMPUTATION - SHELL CONDUCTANCE - TO BE WRITTEN IN A_building_shell_size.csv
A2: Author: Dirk
C4: 2015 | D4: 2020 | E4: 2025 | F4: 2030 | G4: 2035 | H4: 2040 | I4: 2045 | J4: 2050
B5: eu-12 | C5: 1.124 | D5: 1.082 | E5: 1.048 | F5: 1.015 | G5: 0.982 | H5: 0.951 | I5: 0.92 | J5: 0.891 | L5: renov rate 0.5 | M5: -0.00835 | N5: 0.99165
B6: eu-15 | C6: 0.991 | D6: 0.967 | E6: 0.944 | F6: 0.922 | G6: 0.9 | H6: 0.879 | I6: 0.859 | J6: 0.839 | L6: renov rate 1 | M6: -0.0167 | N6: 0.9833
D8: -0.042 | E8: -0.034 | F8: -0.033 | G8: -0.033 | H8: -0.031 | I8: -0.031 | J8: -0.029
D9: -0.024 | E9: -0.023 | F9: -0.022 | G9: -0.022 | H9: -0.021 | I9: -0.02 | J9: -0.02
A11: EU-12 | B11: on top of ref | C11: low | D11: 1.07365 | E11: 1.0313 | F11: 0.98995 | G11: 0.9486 | H11: 0.90925 | I11: 0.8699 | J11: 0.83255
B12: on top of ref | C12: high | D12: 1.0653 | E12: 1.0146 | F12: 0.9649 | G12: 0.9152 | H12: 0.8675 | I12: 0.8198 | J12: 0.7741
A14: EU-15 | B14: on top of ref | C14: low | D14: 0.95865 | E14: 0.9273 | F14: 0.89695 | G14: 0.8666 | H14: 0.83725 | I14: 0.8089 | J14: 0.78055
B15: on top of ref | C15: high | D15: 0.9503 | E15: 0.9106 | F15: 0.8719 | G15: 0.8332 | H15: 0.7955 | I15: 0.7588 | J15: 0.7221
A17: EU-12 | B17: on top of ndc_ltt | C17: low | D17: 1.07365 | E17: 1.014 | F17: 0.948 | G17: 0.948 | H17: 0.90925 | I17: 0.8699 | J17: 0.83255
B18: on top of ndc_ltt | C18: high | D18: 1.0653 | E18: 1.014 | F18: 0.948 | G18: 0.9152 | H18: 0.8675 | I18: 0.8198 | J18: 0.7741
A20: EU-15 | B20: on top of ndc_ltt | C20: low | D20: 0.95865 | E20: 0.921 | F20: 0.877 | G20: 0.8666 | H20: 0.83725 | I20: 0.8089 | J20: 0.78055
B21: on top of ndc_ltt | C21: high | D21: 0.9503 | E21: 0.9106 | F21: 0.8719 | G21: 0.8332 | H21: 0.7955 | I21: 0.7588 | J21: 0.7221

Sheet BLD-HDD-computation
A1: ENERGY CONSUMPTION COMPUTATION
A3: 1. Data from GCAM
A4: L244.HDDCDD_constdd_no_GCM
A5: region | B5: gcam.consumer | C5: nodeInput | D5: building.node.input | E5: thermal.building.service.input | F5: year | G5: degree.days
A6: EU-12 | B6: resid | C6: resid | D6: resid_building | E6: resid heating | F6: 1975 | G6: 6415
A7: EU-12 | B7: resid | C7: resid | D7: resid_building | E7: resid heating | F7: 1990 | G7: 6300
A8: EU-12 | B8: resid | C8: resid | D8: resid_building | E8: resid heating | F8: 2005 | G8: 6290
A9: EU-12 | B9: resid | C9: resid | D9: resid_building | E9: resid heating | F9: 2010 | G9: 6287
A10: EU-12 | B10: resid | C10: resid | D10: resid_building | E10: resid heating | F10: 2015 | G10: 6284
A11: EU-12 | B11: resid | C11: resid | D11: resid_building | E11: resid heating | F11: 2020 | G11: 6284
A12: EU-12 | B12: resid | C12: resid | D12: resid_building | E12: resid heating | F12: 2025 | G12: 6291
A13: EU-12 | B13: resid | C13: resid | D13: resid_building | E13: resid heating | F13: 2030 | G13: 6288
A14: EU-12 | B14: resid | C14: resid | D14: resid_building | E14: resid heating | F14: 2035 | G14: 6286
A15: EU-12 | B15: resid | C15: resid | D15: resid_building | E15: resid heating | F15: 2040 | G15: 6285
A16: EU-12 | B16: resid | C16: resid | D16: resid_building | E16: resid heating | F16: 2045 | G16: 6284
A17: EU-12 | B17: resid | C17: resid | D17: resid_building | E17: resid heating | F17: 2050 | G17: 6284
... A49: EU-15 | B49: resid | C49: resid | D49: resid_building | E49: resid heating | F49: 2100 | G49: 4794
A52: 2. Conversion factors
A53: From Van de Ven 2018
A54: HDD
A55: EU-12 | B55: 1 degree reduction | C55: =(4920-4625)/4625 -> 0.063783784
A56: EU-12 | B56: 2 degree reduction | C56: =C55*2 -> 0.12756757
A57: EU-15 | B57: 1 degree reduction | C57: =(6311-5930)/5930 -> 0.064249578
A58: EU-15 | B58: 2 degree reduction | C58: =C57*2 -> 0.12849916
A61: 3. New HDD values
A62: =A5 -> region | B62: =B5 -> gcam.consumer | C62: =C5 -> nodeInput | D62: =D5 -> building.node.input | E62: =E5 -> thermal.building.service.input | F62: =F5 -> year | G62: degree.days-L | H62: degree.days-H
A63: =A6 -> EU-12 | B63: =B6 -> resid | C63: =C6 -> resid | D63: =D6 -> resid_building | E63: =E6 -> resid heating | F63: =F6 -> 1975 | G63: =G6 -> 6415 | H63: =G6 -> 6415
A64: =A7 -> EU-12 | B64: =B7 -> resid | C64: =C7 -> resid | D64: =D7 -> resid_building | E64: =E7 -> resid heating | F64: =F7 -> 1990 | G64: =G7 -> 6300 | H64: =G7 -> 6300
A65: =A8 -> EU-12 | B65: =B8 -> resid | C65: =C8 -> resid | D65: =D8 -> resid_building | E65: =E8 -> resid heating | F65: =F8 -> 2005 | G65: =G8 -> 6290 | H65: =G8 -> 6290
A66: =A9 -> EU-12 | B66: =B9 -> resid | C66: =C9 -> resid | D66: =D9 -> resid_building | E66: =E9 -> resid heating | F66: =F9 -> 2010 | G66: =G9 -> 6287 | H66: =G9 -> 6287
A67: =A10 -> EU-12 | B67: =B10 -> resid | C67: =C10 -> resid | D67: =D10 -> resid_building | E67: =E10 -> resid heating | F67: =F10 -> 2015 | G67: =G10 -> 6284 | H67: =G10 -> 6284
A68: =A11 -> EU-12 | B68: =B11 -> resid | C68: =C11 -> resid | D68: =D11 -> resid_building | E68: =E11 -> resid heating | F68: =F11 -> 2020 | G68: =G11 -> 6284 | H68: =G11 -> 6284
A69: =A12 -> EU-12 | B69: =B12 -> resid | C69: =C12 -> resid | D69: =D12 -> resid_building | E69: =E12 -> resid heating | F69: =F12 -> 2025 | G69: =$G$68+$G$68*($G$74-$G$68)/$G$68*I69/$I$74 -> 6217.1971 | H69: =$H$68+$H$68*($H$74-$H$68)/$H$68*I69/$I$74 -> 6150.3942 | I69: 1
A70: =A13 -> EU-12 | B70: =B13 -> resid | C70: =C13 -> resid | D70: =D13 -> resid_building | E70: =E13 -> resid heating | F70: =F13 -> 2030 | G70: =$G$68+$G$68*($G$74-$G$68)/$G$68*I70/$I$74 -> 6150.3942 | H70: =$H$68+$H$68*($H$74-$H$68)/$H$68*I70/$I$74 -> 6016.7885 | I70: 2
A71: =A14 -> EU-12 | B71: =B14 -> resid | C71: =C14 -> resid | D71: =D14 -> resid_building | E71: =E14 -> resid heating | F71: =F14 -> 2035 | G71: =$G$68+$G$68*($G$74-$G$68)/$G$68*I71/$I$74 -> 6083.5914 | H71: =$H$68+$H$68*($H$74-$H$68)/$H$68*I71/$I$74 -> 5883.1827 | I71: 3
A72: =A15 -> EU-12 | B72: =B15 -> resid | C72: =C15 -> resid | D72: =D15 -> resid_building | E72: =E15 -> resid heating | F72: =F15 -> 2040 | G72: =$G$68+$G$68*($G$74-$G$68)/$G$68*I72/$I$74 -> 6016.7885 | H72: =$H$68+$H$68*($H$74-$H$68)/$H$68*I72/$I$74 -> 5749.5769 | I72: 4
A73: =A16 -> EU-12 | B73: =B16 -> resid | C73: =C16 -> resid | D73: =D16 -> resid_building | E73: =E16 -> resid heating | F73: =F16 -> 2045 | G73: =$G$68+$G$68*($G$74-$G$68)/$G$68*I73/$I$74 -> 5949.9856 | H73: =$H$68+$H$68*($H$74-$H$68)/$H$68*I73/$I$74 -> 5615.9712 | I73: 5
A74: =A17 -> EU-12 | B74: =B17 -> resid | C74: =C17 -> resid | D74: =D17 -> resid_building | E74: =E17 -> resid heating | F74: =F17 -> 2050 | G74: =G17-G17*C55 -> 5883.1827 | H74: =G17-G17*C56 -> 5482.3654 | I74: 6
A75: =A18 -> EU-12 | B75: =B18 -> resid | C75: =C18 -> resid | D75: =D18 -> resid_building | E75: =E18 -> resid heating | F75: =F18 -> 2055 | G75: =G74 -> 5883.1827 | H75: =H74 -> 5482.3654
A76: =A19 -> EU-12 | B76: =B19 -> resid | C76: =C19 -> resid | D76: =D19 -> resid_building | E76: =E19 -> resid heating | F76: =F19 -> 2060 | G76: =G75 -> 5883.1827 | H76: =H75 -> 5482.3654
A77: =A20 -> EU-12 | B77: =B20 -> resid | C77: =C20 -> resid | D77: =D20 -> resid_building | E77: =E20 -> resid heating | F77: =F20 -> 2065 | G77: =G76 -> 5883.1827 | H77: =H76 -> 5482.3654
A78: =A21 -> EU-12 | B78: =B21 -> resid | C78: =C21 -> resid | D78: =D21 -> resid_building | E78: =E21 -> resid heating | F78: =F21 -> 2070 | G78: =G77 -> 5883.1827 | H78: =H77 -> 5482.3654
A79: =A22 -> EU-12 | B79: =B22 -> resid | C79: =C22 -> resid | D79: =D22 -> resid_building | E79: =E22 -> resid heating | F79: =F22 -> 2075 | G79: =G78 -> 5883.1827 | H79: =H78 -> 5482.3654
A80: =A23 -> EU-12 | B80: =B23 -> resid | C80: =C23 -> resid | D80: =D23 -> resid_building | E80: =E23 -> resid heating | F80: =F23 -> 2080 | G80: =G79 -> 5883.1827 | H80: =H79 -> 5482.3654
A81: =A24 -> EU-12 | B81: =B24 -> resid | C81: =C24 -> resid | D81: =D24 -> resid_building | E81: =E24 -> resid heating | F81: =F24 -> 2085 | G81: =G80 -> 5883.1827 | H81: =H80 -> 5482.3654
A82: =A25 -> EU-12 | B82: =B25 -> resid | C82: =C25 -> resid | D82: =D25 -> resid_building | E82: =E25 -> resid heating | F82: =F25 -> 2090 | G82: =G81 -> 5883.1827 | H82: =H81 -> 5482.3654
A83: =A26 -> EU-12 | B83: =B26 -> resid | C83: =C26 -> resid | D83: =D26 -> resid_building | E83: =E26 -> resid heating | F83: =F26 -> 2095 | G83: =G82 -> 5883.1827 | H83: =H82 -> 5482.3654
A84: =A27 -> EU-12 | B84: =B27 -> resid | C84: =C27 -> resid | D84: =D27 -> resid_building | E84: =E27 -> resid heating | F84: =F27 -> 2100 | G84: =G83 -> 5883.1827 | H84: =H83 -> 5482.3654
A85: =A28 -> EU-15 | B85: =B28 -> resid | C85: =C28 -> resid | D85: =D28 -> resid_building | E85: =E28 -> resid heating | F85: =F28 -> 1975 | G85: =G28 -> 4907 | H85: =G28 -> 4907
A86: =A29 -> EU-15 | B86: =B29 -> resid | C86: =C29 -> resid | D86: =D29 -> resid_building | E86: =E29 -> resid heating | F86: =F29 -> 1990 | G86: =G29 -> 4801 | H86: =G29 -> 4801
A87: =A30 -> EU-15 | B87: =B30 -> resid | C87: =C30 -> resid | D87: =D30 -> resid_building | E87: =E30 -> resid heating | F87: =F30 -> 2005 | G87: =G30 -> 4783 | H87: =G30 -> 4783
A88: =A31 -> EU-15 | B88: =B31 -> resid | C88: =C31 -> resid | D88: =D31 -> resid_building | E88: =E31 -> resid heating | F88: =F31 -> 2010 | G88: =G31 -> 4772 | H88: =G31 -> 4772
A89: =A32 -> EU-15 | B89: =B32 -> resid | C89: =C32 -> resid | D89: =D32 -> resid_building | E89: =E32 -> resid heating | F89: =F32 -> 2015 | G89: =G32 -> 4780 | H89: =G32 -> 4780
A90: =A33 -> EU-15 | B90: =B33 -> resid | C90: =C33 -> resid | D90: =D33 -> resid_building | E90: =E33 -> resid heating | F90: =F33 -> 2020 | G90: =G33 -> 4787 | H90: =G33 -> 4787
A91: =A34 -> EU-15 | B91: =B34 -> resid | C91: =C34 -> resid | D91: =D34 -> resid_building | E91: =E34 -> resid heating | F91: =F34 -> 2025 | G91: =$G$90+$G$90*(G96-$G$90)/$G$90*I91/$I$74 -> 4735.7395 | H91: =$H$90+$H$90*(H96-$H$90)/$H$90*I91/$I$74 -> 4684.4791 | I91: 1
A92: =A35 -> EU-15 | B92: =B35 -> resid | C92: =C35 -> resid | D92: =D35 -> resid_building | E92: =E35 -> resid heating | F92: =F35 -> 2030 | G92: =$G$90+$G$90*(G97-$G$90)/$G$90*I92/$I$74 -> 4684.4791 | H92: =$H$90+$H$90*(H97-$H$90)/$H$90*I92/$I$74 -> 4581.9582 | I92: 2
A93: =A36 -> EU-15 | B93: =B36 -> resid | C93: =C36 -> resid | D93: =D36 -> resid_building | E93: =E36 -> resid heating | F93: =F36 -> 2035 | G93: =$G$90+$G$90*(G98-$G$90)/$G$90*I93/$I$74 -> 4633.2186 | H93: =$H$90+$H$90*(H98-$H$90)/$H$90*I93/$I$74 -> 4479.4373 | I93: 3
A94: =A37 -> EU-15 | B94: =B37 -> resid | C94: =C37 -> resid | D94: =D37 -> resid_building | E94: =E37 -> resid heating | F94: =F37 -> 2040 | G94: =$G$90+$G$90*(G99-$G$90)/$G$90*I94/$I$74 -> 4581.9582 | H94: =$H$90+$H$90*(H99-$H$90)/$H$90*I94/$I$74 -> 4376.9164 | I94: 4
A95: =A38 -> EU-15 | B95: =B38 -> resid | C95: =C38 -> resid | D95: =D38 -> resid_building | E95: =E38 -> resid heating | F95: =F38 -> 2045 | G95: =$G$90+$G$90*(G100-$G$90)/$G$90*I95/$I$74 -> 4530.6977 | H95: =$H$90+$H$90*(H100-$H$90)/$H$90*I95/$I$74 -> 4274.3954 | I95: 5
A96: =A39 -> EU-15 | B96: =B39 -> resid | C96: =C39 -> resid | D96: =D39 -> resid_building | E96: =E39 -> resid heating | F96: =F39 -> 2050 | G96: =G39-G39*C57 -> 4479.4373 | H96: =G39-G39*C58 -> 4171.8745 | I96: 6
A97: =A40 -> EU-15 | B97: =B40 -> resid | C97: =C40 -> resid | D97: =D40 -> resid_building | E97: =E40 -> resid heating | F97: =F40 -> 2055 | G97: =G96 -> 4479.4373 | H97: =H96 -> 4171.8745
A98: =A41 -> EU-15 | B98: =B41 -> resid | C98: =C41 -> resid | D98: =D41 -> resid_building | E98: =E41 -> resid heating | F98: =F41 -> 2060 | G98: =G97 -> 4479.4373 | H98: =H97 -> 4171.8745
A99: =A42 -> EU-15 | B99: =B42 -> resid | C99: =C42 -> resid | D99: =D42 -> resid_building | E99: =E42 -> resid heating | F99: =F42 -> 2065 | G99: =G98 -> 4479.4373 | H99: =H98 -> 4171.8745
A100: =A43 -> EU-15 | B100: =B43 -> resid | C100: =C43 -> resid | D100: =D43 -> resid_building | E100: =E43 -> resid heating | F100: =F43 -> 2070 | G100: =G99 -> 4479.4373 | H100: =H99 -> 4171.8745
A101: =A44 -> EU-15 | B101: =B44 -> resid | C101: =C44 -> resid | D101: =D44 -> resid_building | E101: =E44 -> resid heating | F101: =F44 -> 2075 | G101: =G100 -> 4479.4373 | H101: =H100 -> 4171.8745
A102: =A45 -> EU-15 | B102: =B45 -> resid | C102: =C45 -> resid | D102: =D45 -> resid_building | E102: =E45 -> resid heating | F102: =F45 -> 2080 | G102: =G101 -> 4479.4373 | H102: =H101 -> 4171.8745
A103: =A46 -> EU-15 | B103: =B46 -> resid | C103: =C46 -> resid | D103: =D46 -> resid_building | E103: =E46 -> resid heating | F103: =F46 -> 2085 | G103: =G102 -> 4479.4373 | H103: =H102 -> 4171.8745
A104: =A47 -> EU-15 | B104: =B47 -> resid | C104: =C47 -> resid | D104: =D47 -> resid_building | E104: =E47 -> resid heating | F104: =F47 -> 2090 | G104: =G103 -> 4479.4373 | H104: =H103 -> 4171.8745
A105: =A48 -> EU-15 | B105: =B48 -> resid | C105: =C48 -> resid | D105: =D48 -> resid_building | E105: =E48 -> resid heating | F105: =F48 -> 2095 | G105: =G104 -> 4479.4373 | H105: =H104 -> 4171.8745
A106: =A49 -> EU-15 | B106: =B49 -> resid | C106: =C49 -> resid | D106: =D49 -> resid_building | E106: =E49 -> resid heating | F106: =F49 -> 2100 | G106: =G105 -> 4479.4373 | H106: =H105 -> 4171.8745

Sheet BLD-HDD-values
A1: {='BLD-HDD-computation'!A62:H106} -> region | B1: gcam.consumer | C1: nodeInput | D1: building.node.input | E1: thermal.building.service.input | F1: year | G1: degree.days-L | H1: degree.days-H
A2: EU-12 | B2: resid | C2: resid | D2: resid_building | E2: resid heating | F2: 1975 | G2: 6415 | H2: 6415
A3: EU-12 | B3: resid | C3: resid | D3: resid_building | E3: resid heating | F3: 1990 | G3: 6300 | H3: 6300
A4: EU-12 | B4: resid | C4: resid | D4: resid_building | E4: resid heating | F4: 2005 | G4: 6290 | H4: 6290
A5: EU-12 | B5: resid | C5: resid | D5: resid_building | E5: resid heating | F5: 2010 | G5: 6287 | H5: 6287
A6: EU-12 | B6: resid | C6: resid | D6: resid_building | E6: resid heating | F6: 2015 | G6: 6284 | H6: 6284
A7: EU-12 | B7: resid | C7: resid | D7: resid_building | E7: resid heating | F7: 2020 | G7: 6284 | H7: 6284
A8: EU-12 | B8: resid | C8: resid | D8: resid_building | E8: resid heating | F8: 2025 | G8: 6217.1971 | H8: 6150.3942
A9: EU-12 | B9: resid | C9: resid | D9: resid_building | E9: resid heating | F9: 2030 | G9: 6150.3942 | H9: 6016.7885
A10: EU-12 | B10: resid | C10: resid | D10: resid_building | E10: resid heating | F10: 2035 | G10: 6083.5914 | H10: 5883.1827
A11: EU-12 | B11: resid | C11: resid | D11: resid_building | E11: resid heating | F11: 2040 | G11: 6016.7885 | H11: 5749.5769
A12: EU-12 | B12: resid | C12: resid | D12: resid_building | E12: resid heating | F12: 2045 | G12: 5949.9856 | H12: 5615.9712
A13: EU-12 | B13: resid | C13: resid | D13: resid_building | E13: resid heating | F13: 2050 | G13: 5883.1827 | H13: 5482.3654
... A45: EU-15 | B45: resid | C45: resid | D45: resid_building | E45: resid heating | F45: 2100 | G45: 4479.4373 | H45: 4171.8745

Sheet BLD-GCAMEU-FE
A1: scenario | B1: region | C1: sector | D1: 1990 | E1: 2005 | F1: 2010 | G1: 2015 | H1: 2020 | I1: 2025 | J1: 2030 | K1: 2035 | L1: 2040 | M1: 2045 | N1: 2050 | O1: 2065 | P1: 2080 | Q1: 2095 | R1: Units
A2: NoPol_wOilCropTax,date=2025-25-4T13:50:48+02:00 | B2: Albania | C2: comm cooling EUR | D2: 0.00019391509 | E2: 0.00060114 | F2: 0.000787685 | G2: 0.000560455 | H2: 0.000720269 | I2: 0.000977317 | J2: 0.0011831 | K2: 0.001382739 | L2: 0.001513851 | M2: 0.001577336 | N2: 0.001581649 | O2: 0 | P2: 0 | Q2: 0 | R2: EJ
A3: NoPol_wOilCropTax,date=2025-25-4T13:50:48+02:00 | B3: Albania | C3: comm heating EUR | D3: 0.011676268 | E3: 0.0023013361 | F3: 0.0018969172 | G3: 0.002305792 | H3: 0.0020321295 | I3: 0.0023450221 | J3: 0.0025386472 | K3: 0.0025719169 | L3: 0.0024400751 | M3: 0.0025004875 | N3: 0.0024879818 | O3: 0 | P3: 0 | Q3: 0 | R3: EJ
A4: NoPol_wOilCropTax,date=2025-25-4T13:50:48+02:00 | B4: Albania | C4: comm others EUR | D4: 0.007950155 | E4: 0.0052974677 | F4: 0.0056611785 | G4: 0.004775298 | H4: 0.0056436395 | I4: 0.0077744894 | J4: 0.0097360979 | K4: 0.011638886 | L4: 0.013168583 | M4: 0.014281044 | N4: 0.014941951 | O4: 0 | P4: 0 | Q4: 0 | R4: EJ
A5: NoPol_wOilCropTax,date=2025-25-4T13:50:48+02:00 | B5: Albania | C5: resid cooking modern EUR_d1 | D5: 0.00059379995 | E5: 0.0003999094 | F5: 0.0004202312 | G5: 0.0003879203 | H5: 0.0003823963 | I5: 0.0004400797 | J5: 0.0004633832 | K5: 0.0004757705 | L5: 0.0004649704 | M5: 0.0004432381 | N5: 0.0004195392 | O5: 0 | P5: 0 | Q5: 0 | R5: EJ
A6: NoPol_wOilCropTax,date=2025-25-4T13:50:48+02:00 | B6: Albania | C6: resid cooking modern EUR_d10 | D6: 0.0019677449 | E6: 0.001396989 | F6: 0.001255371 | G6: 0.001353779 | H6: 0.0013124678 | I6: 0.0013194986 | J6: 0.0012598749 | K6: 0.001216019 | L6: 0.0011381932 | M6: 0.0010485226 | N6: 0.0009684004 | O6: 0 | P6: 0 | Q6: 0 | R6: EJ
A7: NoPol_wOilCropTax,date=2025-25-4T13:50:48+02:00 | B7: Albania | C7: resid cooking modern EUR_d2 | D7: 0.00088070004 | E7: 0.000631943 | F7: 0.000632045 | G7: 0.000585666 | H7: 0.0005858696 | I7: 0.0006343114 | J7: 0.000635447 | K7: 0.0006311589 | L7: 0.00060259 | M7: 0.0005641099 | N7: 0.0005270716 | O7: 0 | P7: 0 | Q7: 0 | R7: EJ
A8: NoPol_wOilCropTax,date=2025-25-4T13:50:48+02:00 | B8: Albania | C8: resid cooking modern EUR_d3 | D8: 0.0010350344 | E8: 0.000753885 | F8: 0.000728096 | G8: 0.000689715 | H8: 0.0006835309 | I8: 0.0007224437 | J8: 0.0007128707 | K8: 0.0007022251 | L8: 0.000666955 | M8: 0.000622134 | N8: 0.0005800395 | O8: 0 | P8: 0 | Q8: 0 | R8: EJ
A9: NoPol_wOilCropTax,date=2025-25-4T13:50:48+02:00 | B9: Albania | C9: resid cooking modern EUR_d4 | D9: 0.0011559738 | E9: 0.000843238 | F9: 0.000795592 | G9: 0.000766158 | H9: 0.0007551629 | I9: 0.0007871839 | J9: 0.0007696121 | K9: 0.0007550309 | L9: 0.000715718 | M9: 0.0006665256 | N9: 0.0006206277 | O9: 0 | P9: 0 | Q9: 0 | R9: EJ
A10: NoPol_wOilCropTax,date=2025-25-4T13:50:48+02:00 | B10: Albania | C10: resid cooking modern EUR_d5 | D10: 0.0012549034 | E10: 0.00091613 | F10: 0.00084999 | G10: 0.000831204 | H10: 0.0008152256 | I10: 0.0008421387 | J10: 0.0008197517 | K10: 0.0008021133 | L10: 0.0007591065 | M10: 0.0007060387 | N10: 0.0006569117 | O10: 0 | P10: 0 | Q10: 0 | R10: EJ
A11: NoPol_wOilCropTax,date=2025-25-4T13:50:48+02:00 | B11: Albania | C11: resid cooking modern EUR_d6 | D11: 0.0013447717 | E11: 0.000980562 | F11: 0.000898972 | G11: 0.000891829 | H11: 0.0008713845 | I11: 0.0008952341 | J11: 0.0008685517 | K11: 0.0008482984 | L11: 0.0008014385 | M11: 0.0007443344 | N11: 0.0006920101 | O11: 0 | P11: 0 | Q11: 0 | R11: EJ
A12: NoPol_wOilCropTax,date=2025-25-4T13:50:48+02:00 | B12: Albania | C12: resid cooking modern EUR_d7 | D12: 0.0014415708 | E12: 0.001039435 | F12: 0.000948638 | G12: 0.000952984 | H12: 0.0009297488 | I12: 0.0009514236 | J12: 0.0009199925 | K12: 0.0008967875 | L12: 0.00084619 | M12: 0.000785101 | N12: 0.000729144 | O12: 0 | P12: 0 | Q12: 0 | R12: EJ
... A3266: NoPol_wOilCropTax,date=2025-25-4T13:50:48+02:00 | B3266: Ukraine | C3266: resid others modern EUR_d9 | D3266: 1.88636e-05 | E3266: 2.92811e-05 | F3266: 4.31271e-05 | G3266: 4.61608e-05 | H3266: 7.68648e-05 | I3266: 4.43624e-05 | J3266: 4.89445e-05 | K3266: 6.47882e-05 | L3266: 8.12611e-05 | M3266: 9.72407e-05 | N3266: 0.0001134 | O3266: 0 | P3266: 0 | Q3266: 0 | R3266: EJ
